Index,Year,Player,Pos,Age,Tm,G,GS,MP,MPG,PER,TS%,3PAr,FTr,ORB%,DRB%,TRB%,AST%,STL%,BLK%,TOV%,USG%,OWS,DWS,WS,WS/48,OBPM,DBPM,BPM,VORP,FG,FGA,FG%,3P,3PA,3P%,2P,2PA,2P%,eFG%,FT,FTA,FT%,ORB,DRB,TRB,AST,STL,BLK,TOV,PF,PTS
2660,1989,Kareem Abdul-Jabbar,C,41,LAL,74,74,1695,23,12.9,0.511,0.005,0.25,7.3,14.2,11,6.1,1.1,2.9,11.5,20.1,0.9,2,2.9,0.082,-2.3,0,-2.3,-0.1,313,659,0.475,0,3,0,313,656,0.477,0.475,122,165,0.739,103,231,334,74,38,85,95,196,748
2661,1989,Mark Acres,C,26,BOS,62,0,632,10,8.2,0.507,0.009,0.421,10.9,15.6,13.3,3.7,1.5,0.6,14.5,10.4,0.4,0.5,0.9,0.066,-2.1,-0.4,-2.5,-0.1,55,114,0.482,1,1,1,54,113,0.478,0.487,26,48,0.542,59,87,146,19,19,6,23,94,137
2662,1989,Michael Adams,PG,26,DEN,77,77,2787,36,17.5,0.567,0.431,0.363,2.5,8.3,5.2,22.2,2.7,0.2,12.5,19.7,5.4,2.9,8.3,0.143,3.8,-0.6,3.2,3.7,468,1082,0.433,166,466,0.356,302,616,0.49,0.509,322,393,0.819,71,212,283,490,166,11,180,149,1424
2663,1989,Mark Aguirre,SF,29,TOT,80,76,2597,32,16.4,0.524,0.137,0.309,6.4,10,8.3,17.9,0.9,0.8,12.6,27.4,2.4,2.1,4.5,0.082,1.7,-1.2,0.5,1.7,586,1270,0.461,51,174,0.293,535,1096,0.488,0.481,288,393,0.733,146,240,386,278,45,36,208,229,1511
2666,1989,Danny Ainge,PG,29,TOT,73,54,2377,33,18,0.554,0.29,0.228,3.3,8.7,6,25.3,1.9,0.2,11.1,22.6,5.2,1.4,6.7,0.135,4,-1.6,2.3,2.6,480,1051,0.457,116,305,0.38,364,746,0.488,0.512,205,240,0.854,71,184,255,402,93,8,145,186,1281
2669,1989,Mark Alarie,PF,25,WSB,74,5,1141,15,13.3,0.531,0.088,0.202,9.5,15.2,12.2,7.8,1,1.1,11.7,18.7,1.2,1,2.2,0.093,-0.7,-1,-1.8,0.1,206,431,0.478,13,38,0.342,193,393,0.491,0.493,73,87,0.839,103,152,255,63,25,22,62,160,498
2670,1989,Steve Alford,PG,24,TOT,66,3,906,14,11.9,0.522,0.17,0.188,1.1,6.8,4,13.2,2.2,0.2,11.4,16.6,0.7,0.7,1.4,0.072,-1.7,-1.8,-3.5,-0.3,148,324,0.457,20,55,0.364,128,269,0.476,0.488,50,61,0.82,10,62,72,92,45,3,45,57,366
2673,1989,Randy Allen,SG,24,SAC,7,0,43,6,6.9,0.428,0.053,0.105,7.4,10.2,8.7,0,1.1,1.3,9.1,20.9,-0.1,0,0,-0.035,-7.1,-5.2,-12.4,-0.1,8,19,0.421,0,1,0,8,18,0.444,0.421,1,2,0.5,3,4,7,0,1,1,2,7,17
2674,1989,Greg Anderson,PF,24,SAS,82,56,2401,29,14.9,0.516,0.003,0.441,11.2,20.2,15.5,3.7,2,2.6,14.2,20.6,0.4,3.1,3.4,0.069,-2.4,-0.1,-2.5,-0.3,460,914,0.503,0,3,0,460,911,0.505,0.503,207,403,0.514,255,421,676,61,102,103,180,221,1127
2675,1989,Michael Anderson,PG,22,SAS,36,12,730,20,10.5,0.483,0.04,0.469,6.3,7.1,6.7,26.9,2.8,0.2,28.5,15.7,-0.5,0.6,0.2,0.01,-3,-0.4,-3.4,-0.3,73,175,0.417,1,7,0.143,72,168,0.429,0.42,57,82,0.695,44,45,89,153,44,3,84,64,204
2676,1989,Richard Anderson,PF,28,POR,72,3,1082,15,12,0.509,0.405,0.109,6,17.5,11.6,11.4,1.9,0.6,12.9,14.9,0.9,1.2,2.1,0.093,-0.7,0,-0.7,0.4,145,348,0.417,49,141,0.348,96,207,0.464,0.487,32,38,0.842,62,169,231,98,44,12,54,100,371
2677,1989,Ron Anderson,SF,30,PHI,82,12,2618,32,15.3,0.531,0.01,0.199,7.1,10.3,8.7,7.9,1.3,0.5,9.1,21.9,3.5,0.9,4.4,0.081,0.7,-1.7,-1,0.7,566,1152,0.491,2,11,0.182,564,1141,0.494,0.492,196,229,0.856,167,239,406,139,71,23,126,166,1330
2678,1989,Willie Anderson,SF,22,SAS,81,79,2738,34,16.6,0.534,0.016,0.225,5.8,11.1,8.4,21.1,2.5,1.4,15.6,23.8,2.1,2.8,4.9,0.085,0.9,0.6,1.5,2.4,640,1285,0.498,4,21,0.19,636,1264,0.503,0.5,224,289,0.775,152,265,417,372,150,62,261,295,1508
2679,1989,John Bagley,PG,28,NJN,68,20,1642,24,11.3,0.467,0.112,0.256,2.4,7.6,4.9,33.1,2.1,0.2,22.9,17.3,-0.6,1,0.4,0.013,-2.5,-1.5,-4,-0.8,200,481,0.416,11,54,0.204,189,427,0.443,0.427,89,123,0.724,36,108,144,391,72,5,159,117,500
2680,1989,Thurl Bailey,SF,27,UTA,82,3,2777,34,15.6,0.544,0.004,0.346,5,12.3,8.9,8.5,0.8,2,12.4,25.5,2.4,4.1,6.5,0.113,-1.1,0.3,-0.8,0.8,615,1272,0.483,2,5,0.4,613,1267,0.484,0.484,363,440,0.825,115,332,447,138,48,91,208,185,1595
2681,1989,Greg Ballard,SF,34,SEA,2,0,15,8,7.1,0.307,0.125,0.5,14.5,38.5,26.1,0,0,0,0,25.9,0,0,0,0.021,-10.7,-11.3,-21.9,-0.1,1,8,0.125,0,1,0,1,7,0.143,0.125,4,4,1,2,5,7,0,0,0,0,3,6
2682,1989,Ken Bannister,PF,28,LAC,9,2,130,14,17.9,0.624,0.028,1.472,4.9,22.1,13.6,3.2,2.5,0.9,11.9,20.4,0.3,0.2,0.4,0.15,-1.7,-2,-3.7,-0.1,22,36,0.611,0,1,0,22,35,0.629,0.611,30,53,0.566,6,27,33,3,7,2,8,17,74
2683,1989,Charles Barkley,PF,25,PHI,79,79,3088,39,27,0.653,0.134,0.661,14.5,21.3,17.9,16,2,1.3,14,24.4,13.2,2.9,16.1,0.25,8.5,1.3,9.8,9.2,700,1208,0.579,35,162,0.216,665,1046,0.636,0.594,602,799,0.753,403,583,986,325,126,67,254,262,2037
2684,1989,John Battle,SG,26,ATL,82,0,1672,20,13.5,0.532,0.054,0.379,1.9,7.3,4.6,17.1,1.2,0.3,12.4,20.4,2.2,1,3.2,0.092,-0.4,-2.1,-2.5,-0.2,287,628,0.457,11,34,0.324,276,594,0.465,0.466,194,238,0.815,30,110,140,197,42,9,104,125,779
2685,1989,Benoit Benjamin,C,24,LAC,79,62,2585,33,17.4,0.593,0.002,0.47,6.8,21.9,14.4,8.7,1,4.7,17.8,20.3,2.3,2.9,5.1,0.095,-1.3,1.6,0.4,1.5,491,907,0.541,0,2,0,491,905,0.543,0.541,317,426,0.744,164,532,696,157,57,221,237,221,1299
2686,1989,Ricky Berry,SG,24,SAC,64,21,1406,22,13.1,0.552,0.282,0.293,4.3,10.9,7.5,8.5,1.3,0.9,11.4,21.1,1.6,0.8,2.4,0.083,0,-1.8,-1.7,0.1,255,567,0.45,65,160,0.406,190,407,0.467,0.507,131,166,0.789,57,140,197,80,37,22,82,197,706
2687,1989,Walter Berry,PF,24,TOT,69,31,1355,20,13.2,0.54,0.004,0.285,6.9,14.8,10.8,8.5,1,2.1,13.6,19.5,1,1.4,2.4,0.085,-1.9,-0.1,-2,0,254,501,0.507,1,2,0.5,253,499,0.507,0.508,100,143,0.699,86,181,267,77,29,48,89,183,609
2690,1989,Larry Bird,SF,32,BOS,6,6,189,32,19.8,0.516,0,0.183,0.6,21.6,11.2,24.3,1.6,1.6,8.9,27.1,0.3,0.2,0.5,0.129,0.6,-0.1,0.5,0.1,49,104,0.471,0,0,0,49,104,0.471,0.471,18,19,0.947,1,36,37,29,6,5,11,18,116
2691,1989,Otis Birdsong,SG,33,BOS,13,0,108,8,7,0.502,0.083,0.056,4.3,9.4,6.9,11.5,1.4,0.5,24.5,18.8,-0.2,0.1,-0.1,-0.051,-4.6,-1.7,-6.3,-0.1,18,36,0.5,1,3,0.333,17,33,0.515,0.514,0,2,0,4,9,13,9,3,1,12,10,37
2692,1989,Uwe Blab,C,26,DAL,37,0,208,6,10.8,0.54,0,0.481,5.9,17.3,11.7,8.2,0.7,3.6,18.2,16,0.1,0.2,0.3,0.069,-4.2,0.5,-3.7,-0.1,24,52,0.462,0,0,0,24,52,0.462,0.462,20,25,0.8,11,33,44,12,3,13,14,36,68
2693,1989,Rolando Blackman,SG,29,DAL,78,78,2946,38,15.9,0.543,0.068,0.296,2.6,7.5,5.1,15.8,1.1,0.4,10.5,23.2,4.2,1.4,5.7,0.092,1.1,-1.7,-0.6,1,594,1249,0.476,30,85,0.353,564,1164,0.485,0.488,316,370,0.854,70,203,273,288,65,20,165,137,1534
2694,1989,Muggsy Bogues,PG,24,CHH,79,21,1755,22,15.3,0.463,0.031,0.211,3.2,7.4,5.2,46.2,3,0.2,21.4,13.6,1.6,1,2.6,0.07,-1.2,-1.9,-3.1,-0.5,178,418,0.426,1,13,0.077,177,405,0.437,0.427,66,88,0.75,53,112,165,620,111,7,124,141,423
2695,1989,Manute Bol,C,26,GSW,80,4,1769,22,9.8,0.421,0.265,0.192,6.6,19.5,13.1,1.8,0.3,10.8,17.5,9.7,-1.2,2.8,1.7,0.046,-5.7,4.7,-1,0.4,127,344,0.369,20,91,0.22,107,253,0.423,0.398,40,66,0.606,116,346,462,27,11,345,79,226,314
2696,1989,Anthony Bowie,SG,25,SAS,18,5,438,24,10.6,0.515,0.035,0.104,6,8.1,7,9.3,1.9,0.5,12.7,15.3,0.2,0.3,0.5,0.054,-1.9,-0.6,-2.5,-0.1,72,144,0.5,1,5,0.2,71,139,0.511,0.503,10,15,0.667,25,31,56,29,18,4,22,43,155
2697,1989,Sam Bowie,C,27,POR,20,0,412,21,13.7,0.49,0.046,0.32,9.2,19.1,14,11.4,0.8,4.7,15.9,19.4,0,0.5,0.5,0.063,-2.7,1.4,-1.2,0.1,69,153,0.451,5,7,0.714,64,146,0.438,0.467,28,49,0.571,36,70,106,36,7,33,33,43,171
2698,1989,Dudley Bradley,SG,31,ATL,38,0,267,7,6.1,0.387,0.36,0.186,2.8,10.4,6.5,11.9,2.9,0.4,13.1,16.3,-0.3,0.3,0,0.004,-3.3,-0.1,-3.4,-0.1,28,86,0.326,8,31,0.258,20,55,0.364,0.372,8,16,0.5,7,25,32,24,16,2,14,41,72
2699,1989,Adrian Branch,SF,25,POR,67,4,811,12,15.7,0.509,0.071,0.275,8.2,9.6,8.8,10.8,2.6,0.2,11.6,26.3,0.7,0.8,1.5,0.087,-0.4,-2.2,-2.6,-0.1,202,436,0.463,7,31,0.226,195,405,0.481,0.471,87,120,0.725,63,69,132,60,45,3,64,99,498
2700,1989,Randy Breuer,C,28,MIL,48,4,513,11,13.8,0.496,0,0.285,11.3,19.2,15.2,6.2,0.9,4.5,12.6,18.6,0.2,0.7,0.9,0.083,-2.9,0.8,-2,0,86,179,0.48,0,0,0,86,179,0.48,0.48,28,51,0.549,51,84,135,22,9,37,29,59,200
2701,1989,Frank Brickowski,C,29,SAS,64,60,1822,28,15,0.563,0.003,0.43,8.5,16.3,12.2,10.4,2.6,1.1,17.5,20.1,1.4,2.2,3.6,0.094,-0.5,0.9,0.4,1.1,337,654,0.515,0,2,0,337,652,0.517,0.515,201,281,0.715,148,258,406,131,102,35,165,252,875
2702,1989,Scott Brooks,PG,23,PHI,82,6,1372,17,14,0.533,0.412,0.186,1.5,6.2,3.8,28.9,2.4,0.1,13.9,14.1,2.3,0.6,2.9,0.103,1.2,-2.7,-1.4,0.2,156,371,0.42,55,153,0.359,101,218,0.463,0.495,61,69,0.884,19,75,94,306,69,3,65,116,428
2703,1989,Mike Brown,C,25,UTA,66,16,1051,16,8.4,0.491,0,0.524,10.5,16.3,13.6,5.5,1.2,1,20.1,15.4,-0.4,1.8,1.4,0.064,-3.8,1.2,-2.6,-0.2,104,248,0.419,0,0,0,104,248,0.419,0.419,92,130,0.708,92,166,258,41,25,17,77,133,300
2704,1989,Tony Brown,SF-SG,28,TOT,43,0,365,8,10.3,0.486,0.136,0.263,6.8,6.9,6.8,9.8,2,0.7,11.4,16.7,0.2,0.4,0.5,0.071,-1.6,-0.9,-2.5,0,50,118,0.424,4,16,0.25,46,102,0.451,0.441,24,31,0.774,22,22,44,26,15,4,17,42,128
2707,1989,Mark Bryant,PF,23,POR,56,32,803,14,9.1,0.505,0,0.279,8.5,15.9,12.1,5.3,1.2,0.5,12.9,15.3,0.4,0.7,1.1,0.063,-2.9,-1.2,-4.1,-0.4,120,247,0.486,0,0,0,120,247,0.486,0.486,40,69,0.58,65,114,179,33,20,7,41,144,280
2708,1989,Greg Butler,C,22,NYK,33,0,140,4,4.7,0.493,0.063,0.417,7,15.5,11.1,1.8,0.3,0.8,23,20.4,-0.2,0.1,-0.1,-0.034,-7.4,-3.7,-11.1,-0.3,20,48,0.417,0,3,0,20,45,0.444,0.417,16,20,0.8,9,19,28,2,1,2,17,28,56
2709,1989,Michael Cage,PF,27,SEA,80,71,2536,32,14.7,0.553,0.006,0.421,11.8,22.3,16.9,6.4,1.7,1.2,14.2,13.7,3.7,2.9,6.7,0.126,0.3,1.3,1.6,2.3,314,630,0.498,0,4,0,314,626,0.502,0.498,197,265,0.743,276,489,765,126,92,52,124,184,825
2710,1989,Tony Campbell,SF,26,LAL,63,2,787,12,12.5,0.508,0.061,0.241,8,10.2,9.2,8.5,2.3,0.4,14,23.3,0.2,0.9,1.1,0.065,-1.9,-1.5,-3.4,-0.3,158,345,0.458,2,21,0.095,156,324,0.481,0.461,70,83,0.843,53,77,130,47,37,6,62,108,388
2711,1989,Antoine Carr,PF,27,ATL,78,12,1488,19,12.7,0.541,0.002,0.323,7.6,12.5,10,8.6,1,2.5,13.2,17,1.9,1.4,3.3,0.106,-0.7,0.4,-0.3,0.6,226,471,0.48,0,1,0,226,470,0.481,0.48,130,152,0.855,106,168,274,91,31,62,82,221,582
2712,1989,Joe Barry,C,30,NJN,64,62,1996,31,14.2,0.497,0,0.272,6.4,20.4,13.2,8,1.7,2.4,13.6,21.5,0.1,2.2,2.3,0.056,-2.6,1.2,-1.4,0.3,363,810,0.448,0,0,0,363,810,0.448,0.448,176,220,0.8,118,355,473,105,71,81,143,193,902
2713,1989,Bill Cartwright,C,31,CHI,78,76,2333,30,11,0.535,0,0.401,7.8,17.7,12.9,5.4,0.4,1.1,17.4,20.1,0.1,2,2.1,0.042,-3.5,-1.3,-4.8,-1.7,365,768,0.475,0,0,0,365,768,0.475,0.475,236,308,0.766,152,369,521,90,21,41,190,234,966
2714,1989,Terry Catledge,PF,25,WSB,79,77,2077,26,12.6,0.518,0.007,0.373,11.6,18.8,15,5,1.1,0.7,13.1,17.6,1.4,1.9,3.3,0.077,-1.3,-0.6,-1.9,0,334,681,0.49,1,5,0.2,333,676,0.493,0.491,153,254,0.602,230,342,572,75,46,25,120,250,822
2715,1989,Ron Cavenall,C,29,NJN,5,0,16,3,7.4,0.577,0,1.667,0,14.4,6.9,0,0,7.4,27.8,18.4,0,0,0,-0.055,-9.7,-0.6,-10.4,0,2,3,0.667,0,0,0,2,3,0.667,0.667,2,5,0.4,0,2,2,0,0,2,2,2,6
2716,1989,Tom Chambers,PF,29,PHO,81,81,3002,37,19.3,0.547,0.052,0.364,5.3,18.4,12.1,11.1,1.3,1,10.8,28.2,5.1,4.1,9.2,0.146,1.2,0,1.2,2.4,774,1643,0.471,28,86,0.326,746,1557,0.479,0.48,509,598,0.851,143,541,684,231,87,55,231,271,2085
2717,1989,Mike Champion,SF,24,SEA,2,0,4,2,-43.7,0,0.333,0,0,0,0,0,0,0,25,39.8,-0.1,0,-0.1,-0.952,-31.3,-9.6,-40.8,0,0,3,0,0,1,0,0,2,0,0,0,0,0,0,0,0,0,0,0,1,2,0
2718,1989,Rex Chapman,SG,21,CHH,75,44,2219,30,12.6,0.467,0.15,0.153,3.5,5.9,4.7,12.6,1.5,0.7,7.7,27.1,-0.7,0.4,-0.2,-0.005,-0.7,-2.5,-3.2,-0.7,526,1271,0.414,60,191,0.314,466,1080,0.431,0.437,155,195,0.795,74,113,187,176,70,25,113,167,1267
2719,1989,Maurice Cheeks,PG,32,PHI,71,70,2298,32,16.5,0.527,0.019,0.28,1.9,7.1,4.5,32.6,2.2,0.4,12.9,16.2,4.3,1,5.3,0.11,1.4,-1.5,-0.1,1.1,336,696,0.483,1,13,0.077,335,683,0.49,0.483,151,195,0.774,39,144,183,554,105,17,116,114,824
2720,1989,Derrick Chievous,SF,21,HOU,81,1,1539,19,11.6,0.506,0.038,0.385,8.1,9.9,9,7.4,1.5,0.4,15.5,22.9,0,1.6,1.6,0.05,-2.5,-1.4,-3.9,-0.7,277,634,0.437,5,24,0.208,272,610,0.446,0.441,191,244,0.783,114,142,256,77,48,11,136,161,750
2721,1989,Ben Coleman,PF,27,PHI,58,11,703,12,11.2,0.537,0,0.32,7.8,20.6,14.1,3.4,0.7,1.5,14.9,19.1,0.3,0.5,0.8,0.051,-3.4,-2.4,-5.8,-0.7,117,241,0.485,0,0,0,117,241,0.485,0.485,61,77,0.792,49,128,177,17,10,18,48,120,295
2722,1989,Steve Colter,PG,26,WSB,80,5,1425,18,14.1,0.503,0.055,0.365,4.6,9.6,7,21.2,2.3,0.6,10.8,16.7,1.8,1.3,3.1,0.105,-0.1,0,-0.1,0.7,203,457,0.444,3,25,0.12,200,432,0.463,0.447,125,167,0.749,62,120,182,225,69,14,64,158,534
2723,1989,Dallas Comegys,PF,24,SAS,67,10,1119,17,11.9,0.532,0.006,0.472,10.5,12.5,11.5,3.7,1.7,3.4,17.1,17.3,0.3,1.1,1.4,0.06,-3,0.1,-2.9,-0.3,166,341,0.487,0,2,0,166,339,0.49,0.487,106,161,0.658,112,122,234,30,42,63,85,160,438
2724,1989,Lester Conner,PG,29,NJN,82,63,2532,31,17.2,0.531,0.055,0.398,4.3,11.6,7.8,33.2,3.4,0.1,18.6,15.8,3.6,2.6,6.2,0.118,1.2,1.3,2.4,2.8,309,676,0.457,13,37,0.351,296,639,0.463,0.467,212,269,0.788,100,255,355,604,181,5,181,132,843
2725,1989,Darwin Cook,SG,30,TOT,66,4,1143,17,11.8,0.495,0.086,0.163,3,7.2,5,15.6,2.8,0.5,14.7,20.3,-0.1,1.1,0.9,0.039,-2.3,-1.1,-3.3,-0.4,218,478,0.456,8,41,0.195,210,437,0.481,0.464,63,78,0.808,34,73,107,127,71,10,88,121,507
2728,1989,Michael Cooper,SG,32,LAL,80,13,1943,24,11.9,0.549,0.425,0.188,2,8.5,5.5,20.3,1.8,0.9,14.9,13.4,2.6,1.8,4.4,0.11,0.7,-0.3,0.4,1.2,213,494,0.431,80,210,0.381,133,284,0.468,0.512,81,93,0.871,33,158,191,314,72,32,94,186,587
2729,1989,Wayne Cooper,C,32,DEN,79,72,1864,24,13.6,0.53,0.009,0.239,11.1,23.8,17.1,5,0.9,6.4,13,11.6,1.9,3.1,5,0.128,-2.4,3.5,1,1.4,220,444,0.495,1,4,0.25,219,440,0.498,0.497,79,106,0.745,212,407,619,78,36,211,73,302,520
2730,1989,Tyrone Corbin,SF,26,PHO,77,30,1655,21,14.7,0.592,0.004,0.394,11.8,13.7,12.8,8.9,2.3,0.4,14.7,15,3.1,2.3,5.4,0.156,1.9,1.8,3.6,2.3,245,454,0.54,0,2,0,245,452,0.542,0.54,141,179,0.788,176,222,398,118,82,13,92,222,631
2731,1989,Dave Corzine,C,32,CHI,81,7,1483,18,10.8,0.497,0.018,0.218,7.4,16.8,12.3,9.5,1,1.8,16.2,16.6,-0.1,1.5,1.4,0.046,-3.5,0.2,-3.3,-0.5,203,440,0.461,2,8,0.25,201,432,0.465,0.464,71,96,0.74,92,223,315,103,29,45,93,134,479
2732,1989,Winston Crite,SF,23,PHO,2,0,6,3,-20.3,0,0,0,18.5,0,8.9,0,0,0,25,26.4,-0.1,0,-0.1,-0.57,-20.6,-6.5,-27.1,0,0,3,0,0,0,0,0,3,0,0,0,0,0,1,0,1,0,0,0,1,1,0
2733,1989,Pat Cummings,PF,32,MIA,53,28,1096,21,11,0.534,0.005,0.246,8.3,21,14.4,6.8,1.3,1,20.3,20.3,-0.5,1.1,0.6,0.026,-4,-0.7,-4.7,-0.7,197,394,0.5,0,2,0,197,392,0.503,0.5,72,97,0.742,84,197,281,47,29,18,111,160,466
2734,1989,Terry Cummings,SF,27,MIL,80,78,2824,35,19.7,0.518,0.01,0.294,11.3,15.3,13.3,11.7,1.8,1.6,10.2,28.9,4.2,3.5,7.7,0.131,1.6,0,1.7,2.6,730,1563,0.467,7,15,0.467,723,1548,0.467,0.469,362,460,0.787,281,369,650,198,106,72,201,265,1829
2735,1989,Earl Cureton,C,31,CHH,82,41,2047,25,10.1,0.512,0.002,0.265,9.7,17.1,13.2,8.4,1.2,1.8,18,12.7,0.3,1.2,1.5,0.035,-2.2,1.7,-0.5,0.8,233,465,0.501,0,1,0,233,464,0.502,0.501,66,123,0.537,188,300,488,130,50,61,114,230,532
2736,1989,Dell Curry,SG,24,CHH,48,0,813,17,18.3,0.527,0.106,0.088,3.4,11.2,7.1,11.2,2.5,0.3,7.5,29.5,0.4,0.5,0.9,0.052,1.1,-2.5,-1.4,0.1,256,521,0.491,19,55,0.345,237,466,0.509,0.51,40,46,0.87,26,78,104,50,42,4,44,68,571
2737,1989,Quintin Dailey,SG,28,LAC,69,51,1722,25,16.3,0.511,0.009,0.297,4.3,8.4,6.3,14.2,2.4,0.2,10.1,27.7,1.1,1,2,0.056,-0.3,-2.4,-2.8,-0.3,448,964,0.465,1,9,0.111,447,955,0.468,0.465,217,286,0.759,69,135,204,154,90,6,122,152,1114
2738,1989,Adrian Dantley,SF,32,TOT,73,67,2422,33,17.4,0.581,0.001,0.595,5.5,9,7.3,10.9,0.9,0.3,11.9,24.3,5.5,1.9,7.4,0.147,1.5,-1.3,0.2,1.4,470,954,0.493,0,1,0,470,953,0.493,0.493,460,568,0.81,117,200,317,171,43,13,163,186,1400
2741,1989,Brad Daugherty,C,23,CLE,78,78,2821,36,18.5,0.594,0.003,0.518,7.1,20.9,14.4,14.8,1.1,0.8,15.6,22.2,5,4.6,9.6,0.164,1.2,1.4,2.6,3.3,544,1012,0.538,1,3,0.333,543,1009,0.538,0.538,386,524,0.737,167,551,718,285,63,40,230,175,1475
2742,1989,Brad Davis,PG,33,DAL,78,4,1395,18,13.3,0.574,0.269,0.325,1.1,7.3,4.3,25.2,1.7,0.8,17.5,16.3,1.8,1,2.7,0.094,-0.2,-1.8,-2,0,183,379,0.483,32,102,0.314,151,277,0.545,0.525,99,123,0.805,14,94,108,242,48,18,92,151,497
2743,1989,Charles Davis,SF,30,CHI,49,3,545,11,10.3,0.459,0.079,0.137,10.3,13.8,12.1,7.9,1,0.6,9.8,17.6,0.1,0.4,0.5,0.048,-2.9,-1.8,-4.6,-0.4,81,190,0.426,4,15,0.267,77,175,0.44,0.437,19,26,0.731,47,67,114,31,11,5,22,58,185
2744,1989,Mark Davis,SF,25,TOT,33,0,258,8,15,0.543,0.098,0.333,7.1,9.6,8.3,8.1,2.5,1.2,9.3,20.7,0.4,0.3,0.7,0.134,0,-0.9,-1,0.1,49,102,0.48,1,10,0.1,48,92,0.522,0.485,28,34,0.824,16,21,37,14,13,5,12,39,127
2747,1989,Walter Davis,SG,34,DEN,81,0,1857,23,16.7,0.544,0.064,0.185,2.2,6.5,4.2,15.3,1.7,0.2,10.2,26.7,2.1,1.4,3.5,0.092,0.6,-3.1,-2.5,-0.2,536,1076,0.498,20,69,0.29,516,1007,0.512,0.507,175,199,0.879,41,110,151,190,72,5,132,187,1267
2748,1989,Darryl Dawkins,C,32,DET,14,0,48,3,8.2,0.501,0,0.947,7.4,9,8.2,3.1,0,1.3,12.9,27.6,0,0,0,0.027,-4.8,-4.2,-8.9,-0.1,9,19,0.474,0,0,0,9,19,0.474,0.474,9,18,0.5,3,4,7,1,0,1,4,13,27
2749,1989,Johnny Dawkins,PG,25,SAS,32,30,1083,34,13.4,0.505,0.01,0.28,3.1,7.3,5.1,28.9,2.3,0,19.8,20.1,0.2,0.8,1,0.044,-1.3,-1.4,-2.7,-0.2,177,400,0.443,0,4,0,177,396,0.447,0.443,100,112,0.893,32,69,101,224,55,0,111,64,454
2750,1989,Vinny Del,SG,22,SAC,80,2,1556,19,12.7,0.52,0.04,0.199,3.3,8.6,5.9,19,2,0.5,12.3,16.4,1.5,1,2.5,0.077,-1.2,-0.6,-1.8,0.1,239,503,0.475,6,20,0.3,233,483,0.482,0.481,85,100,0.85,48,123,171,206,65,14,77,160,569
2751,1989,Fennis Dembo,SF,23,DET,31,0,74,2,7.8,0.388,0.095,0.238,12.8,21.9,17.6,10.1,0.7,0,13.1,30.9,-0.2,0.1,-0.1,-0.037,-6,-2.8,-8.8,-0.1,14,42,0.333,0,4,0,14,38,0.368,0.333,8,10,0.8,8,15,23,5,1,0,7,15,36
2752,1989,James Donaldson,C,31,DAL,53,53,1746,33,14.2,0.614,0,0.368,10.1,25.7,18,3.1,0.7,2.7,17.5,11.8,2.1,2.3,4.4,0.122,-1.7,1.3,-0.4,0.7,193,337,0.573,0,0,0,193,337,0.573,0.573,95,124,0.766,158,412,570,38,24,81,83,111,481
2753,1989,Greg Dreiling,C,26,IND,53,4,396,7,8.1,0.613,0,0.831,11.6,14,12.9,6.1,0.6,1.6,27.1,15.2,0.1,0.2,0.4,0.045,-2.6,-0.9,-3.5,-0.2,43,77,0.558,0,0,0,43,77,0.558,0.558,43,64,0.672,39,53,92,18,5,11,39,100,129
2754,1989,Clyde Drexler,SG,26,POR,78,78,3064,39,23.6,0.555,0.062,0.328,9.9,11.9,10.9,22.2,3.2,1,11.6,27.2,8.8,3.8,12.6,0.197,5.9,1.5,7.3,7.2,829,1672,0.496,27,104,0.26,802,1568,0.511,0.504,438,548,0.799,289,326,615,450,213,54,250,269,2123
2755,1989,Kevin Duckworth,C,24,POR,79,79,2662,34,13.9,0.531,0.002,0.369,9.7,16.4,12.9,3.1,1,1.1,12.9,22.4,2.5,2.3,4.8,0.086,-1.7,-2,-3.7,-1.1,554,1161,0.477,0,2,0,554,1159,0.478,0.477,324,428,0.757,246,389,635,60,56,49,200,300,1432
2756,1989,Chris Dudley,C,23,CLE,61,2,544,9,8.7,0.43,0.006,0.637,15.8,16.7,16.3,5.2,0.8,2.4,17,20.2,-0.7,0.8,0.1,0.011,-5,-0.6,-5.6,-0.5,73,168,0.435,0,1,0,73,167,0.437,0.435,39,107,0.364,72,85,157,21,9,23,44,82,185
2757,1989,Joe Dumars,SG,25,DET,69,67,2408,35,16.8,0.571,0.032,0.339,2.8,5.2,4,24.3,1.3,0.1,14.6,21.6,4.8,2.2,7,0.14,2,-0.8,1.1,1.9,456,903,0.505,14,29,0.483,442,874,0.506,0.513,260,306,0.85,57,115,172,390,63,5,178,103,1186
2758,1989,Mike Dunleavy,PG,34,MIL,2,0,5,3,17.7,0.75,1,0,0,0,0,0,0,0,0,16.6,0,0,0,0.189,6.7,-6.5,0.1,0,1,2,0.5,1,2,0.5,0,0,0,0.75,0,0,0,0,0,0,0,0,0,0,0,3
2759,1989,T.R. Dunn,SG,33,PHO,34,1,321,9,7,0.41,0,0.343,10.4,9.5,9.9,8.5,1.7,0.2,13,5.7,0.3,0.3,0.6,0.088,-1.2,2,0.9,0.2,12,35,0.343,0,0,0,12,35,0.343,0.343,9,12,0.75,30,30,60,25,12,1,6,35,33
2760,1989,Ledell Eackles,SG,22,WSB,80,6,1459,18,15.2,0.519,0.055,0.473,7.2,6.2,6.7,12.6,1.3,0.2,12.6,27.8,1.4,0.8,2.1,0.07,0,-3,-3,-0.4,318,732,0.434,9,40,0.225,309,692,0.447,0.441,272,346,0.786,100,80,180,123,41,5,128,156,917
2761,1989,Mark Eaton,C,32,UTA,82,82,2914,36,10.6,0.513,0,0.491,9.4,21.8,16.1,3.8,0.7,6.5,22.3,9.2,0,6.5,6.6,0.108,-3.1,6.1,3,3.7,188,407,0.462,0,0,0,188,407,0.462,0.462,132,200,0.66,227,616,843,83,40,315,142,290,508
2762,1989,James Edwards,C,33,DET,76,1,1254,17,11.6,0.547,0.005,0.46,6.4,14,10.4,5.7,0.4,1.5,12.4,19.8,1.3,1.5,2.8,0.109,-1.9,-0.5,-2.4,-0.1,211,422,0.5,0,2,0,211,420,0.502,0.5,133,194,0.686,68,163,231,49,11,31,72,226,555
2763,1989,Kevin Edwards,SG,23,MIA,79,62,2349,30,12.6,0.46,0.033,0.175,3.9,8.8,6.3,24.3,2.9,0.7,17.1,24.8,-2.3,2.2,-0.2,-0.003,-2.1,0,-2.1,-0.1,470,1105,0.425,10,37,0.27,460,1068,0.431,0.43,144,193,0.746,85,177,262,349,139,27,246,154,1094
2764,1989,Craig Ehlo,SG,27,CLE,82,4,1867,23,13.7,0.528,0.191,0.223,6.4,11.2,8.9,19.2,2.9,0.6,16.8,15.7,1.5,3.1,4.6,0.118,0.3,2,2.3,2,249,524,0.475,39,100,0.39,210,424,0.495,0.512,71,117,0.607,100,195,295,266,110,19,116,161,608
2765,1989,Dale Ellis,SG,28,SEA,82,82,3190,39,19.7,0.589,0.198,0.27,5.3,6.7,6,8.1,1.6,0.4,10.2,26.6,9.2,1.6,10.8,0.163,4.6,-2.6,2.1,3.3,857,1710,0.501,162,339,0.478,695,1371,0.507,0.549,377,462,0.816,156,186,342,164,108,22,218,197,2253
2766,1989,Wayne Englestad,PF,22,DEN,11,0,50,5,12.4,0.419,0,0.345,9.8,24,16.5,18.9,0.9,0,8.2,27.9,0,0.1,0,0.031,-2.9,-2.2,-5.1,0,11,29,0.379,0,0,0,11,29,0.379,0.379,6,10,0.6,5,11,16,7,1,0,3,12,28
2767,1989,Alex English,SF,35,DEN,82,82,2990,36,19,0.531,0.004,0.201,4.8,6.5,5.6,19.7,1,0.2,8.8,28.8,5.1,1.7,6.8,0.11,2.5,-2.7,-0.2,1.3,924,1881,0.491,2,8,0.25,922,1873,0.492,0.492,325,379,0.858,148,178,326,383,66,12,198,174,2175
2768,1989,Patrick Ewing,C,26,NYK,80,80,2896,36,22.1,0.607,0.005,0.378,8,20.7,14.2,9.5,1.9,5.6,15.1,23.6,6.2,4.7,10.9,0.181,1.5,3.2,4.7,4.9,727,1282,0.567,0,6,0,727,1276,0.57,0.567,361,484,0.746,213,527,740,188,117,281,266,311,1815
2769,1989,Jim Farmer,SG,24,UTA,37,0,412,11,8.4,0.475,0.141,0.289,6.4,8.3,7.4,10.2,1.1,0,14,19.1,-0.1,0.5,0.4,0.045,-3,-0.9,-3.9,-0.2,57,142,0.401,9,20,0.45,48,122,0.393,0.433,29,41,0.707,22,33,55,28,9,0,26,41,152
2770,1989,Dave Feitl,C,26,WSB,57,36,828,15,8.7,0.485,0.004,0.244,8.7,18.3,13.3,5.8,1,1.3,18.1,17.4,-0.4,0.8,0.4,0.022,-4.3,-0.5,-4.8,-0.6,116,266,0.436,0,1,0,116,265,0.438,0.436,54,65,0.831,69,133,202,36,17,18,65,136,286
2771,1989,Rolando Ferreira,C,24,POR,12,0,34,3,-7.6,0.209,0,0.444,12.4,29.7,20.8,3.3,0,1.7,21.8,31.2,-0.3,0,-0.2,-0.352,-18.8,-5.2,-24,-0.2,1,18,0.056,0,0,0,1,18,0.056,0.056,7,8,0.875,4,9,13,1,0,1,6,7,9
2772,1989,Duane Ferrell,SF,23,ATL,41,0,231,6,12,0.488,0,0.53,8.8,10.5,9.7,6.1,1.5,1.6,10.5,20.1,0.2,0.2,0.4,0.082,-2.2,-1.5,-3.7,-0.1,35,83,0.422,0,0,0,35,83,0.422,0.422,30,44,0.682,19,22,41,10,7,6,12,33,100
2773,1989,Vern Fleming,PG,26,IND,76,69,2552,34,15.8,0.572,0.028,0.373,3.9,9.2,6.7,28.1,1.5,0.3,16.8,18.7,4.6,1.1,5.6,0.106,1.7,-0.8,0.8,1.8,419,814,0.515,3,23,0.13,416,791,0.526,0.517,243,304,0.799,85,225,310,494,77,12,192,212,1084
2774,1989,Sleepy Floyd,PG,28,HOU,82,82,2788,34,16.4,0.565,0.327,0.346,1.9,9.9,5.9,35.5,2.1,0.2,19.7,18.5,4.4,3.3,7.7,0.133,2.3,-0.7,1.5,2.5,396,893,0.443,109,292,0.373,287,601,0.478,0.504,261,309,0.845,48,258,306,709,124,11,253,196,1162
2775,1989,Tellis Frank,PF,23,GSW,32,2,245,8,9.4,0.472,0.011,0.56,10.7,14.2,12.5,7.7,2.6,1.4,20.4,22,-0.2,0.3,0.1,0.017,-4.5,-0.6,-5.1,-0.2,34,91,0.374,0,1,0,34,90,0.378,0.374,39,51,0.765,26,35,61,15,14,6,29,59,107
2776,1989,Anthony Frederick,SF,24,IND,46,0,313,7,11.9,0.543,0.04,0.272,9.8,8.7,9.2,9.8,2.2,1.1,19.5,23.2,0,0.2,0.2,0.025,-1.9,-1.4,-3.3,-0.1,63,125,0.504,2,5,0.4,61,120,0.508,0.512,24,34,0.706,26,26,52,20,14,6,34,59,152
2777,1989,Corey Gaines,SG,23,NJN,32,0,337,11,9.1,0.472,0.078,0.25,1,5.5,3.1,26.1,2.1,0.2,22,11.1,0.1,0.2,0.2,0.035,-4.1,-2.1,-6.2,-0.4,27,64,0.422,1,5,0.2,26,59,0.441,0.43,12,16,0.75,3,16,19,67,15,1,20,27,67
2778,1989,Kevin Gamble,SF,23,BOS,44,6,375,9,15.8,0.584,0.081,0.404,3.4,9.4,6.4,13.1,1.8,0.5,10.6,19.9,0.7,0.2,1,0.123,0.6,-2.1,-1.6,0,75,136,0.551,2,11,0.182,73,125,0.584,0.559,35,55,0.636,11,31,42,34,14,3,19,40,187
2779,1989,Winston Garland,PG,24,GSW,79,79,2661,34,14.7,0.483,0.04,0.234,3.8,8.5,6.2,24.9,2.9,0.3,13.6,19.5,1.9,2.6,4.5,0.082,0,0.1,0,1.4,466,1074,0.434,10,43,0.233,456,1031,0.442,0.439,203,251,0.809,101,227,328,505,175,14,187,216,1145
2780,1989,Tom Garrick,SG,22,LAC,71,20,1499,21,11,0.547,0.036,0.354,2.6,8.5,5.6,21,2.4,0.3,21.9,14,0.5,0.9,1.4,0.044,-2.4,-0.7,-3.1,-0.4,176,359,0.49,0,13,0,176,346,0.509,0.49,102,127,0.803,37,119,156,243,78,9,116,141,454
2781,1989,Kenny Gattison,PF,24,PHO,2,0,9,5,-2.8,0.266,0,2,0,11.3,5.9,0,0,0,0,8.3,0,0,0,-0.037,-8.3,-2.3,-10.6,0,0,1,0,0,0,0,0,1,0,0,1,2,0.5,0,1,1,0,0,0,0,2,1
2782,1989,Ben Gillery,C,23,SAC,24,0,84,4,5,0.429,0,1.211,8.8,20.8,14.7,3.1,1.1,2.8,14.7,16.7,-0.1,0.1,0,0.014,-7,-0.9,-7.9,-0.1,6,19,0.316,0,0,0,6,19,0.316,0.316,13,23,0.565,7,16,23,2,2,4,5,29,25
2783,1989,Armen Gilliam,PF,24,PHO,74,60,2120,29,15.7,0.548,0,0.347,8.7,18.1,13.6,3.4,1.2,0.7,11.6,22.7,2.3,2.7,5.1,0.115,-0.9,-1.2,-2.1,-0.1,468,930,0.503,0,0,0,468,930,0.503,0.503,240,323,0.743,165,376,541,52,54,27,140,176,1176
2784,1989,Mike Gminski,C,29,PHI,82,82,2739,33,18.5,0.535,0.005,0.292,8.7,22.9,15.7,7.4,0.8,2.3,8.9,21.9,4.8,2.2,7,0.122,0.2,-0.4,-0.2,1.2,556,1166,0.477,0,6,0,556,1160,0.479,0.477,297,341,0.871,213,556,769,138,46,106,129,142,1409
2785,1989,Grant Gondrezick,SG,26,LAC,27,0,244,9,11.8,0.466,0.116,0.421,6.6,9.2,7.9,19,2.4,0.2,13.1,20.9,0,0.2,0.2,0.032,-1.8,-1.9,-3.6,-0.1,38,95,0.4,3,11,0.273,35,84,0.417,0.416,26,40,0.65,15,21,36,34,13,1,17,36,105
2786,1989,Orlando Graham,PF,23,GSW,7,0,22,3,6.7,0.34,0,0.4,36.5,13.6,25,0,0,0,14.5,23.7,0,0,0,-0.047,-5.9,-10.5,-16.4,-0.1,3,10,0.3,0,0,0,3,10,0.3,0.3,2,4,0.5,8,3,11,0,0,0,2,6,8
2787,1989,Ron Grandison,PF,24,BOS,72,0,528,7,10.1,0.499,0.07,0.563,10.4,9.7,10,10.2,1.7,0.3,16.9,16.8,0.3,0.3,0.6,0.055,-1.4,-1.2,-2.7,-0.1,59,142,0.415,0,10,0,59,132,0.447,0.415,59,80,0.738,47,45,92,42,18,3,36,71,177
2788,1989,Gary Grant,PG,23,LAC,71,48,1924,27,14.1,0.469,0.027,0.195,4.5,8.8,6.6,37.6,3.4,0.3,22.3,23.8,-2,1.6,-0.4,-0.009,-1.4,-0.6,-2.1,0,361,830,0.435,5,22,0.227,356,808,0.441,0.438,119,162,0.735,80,158,238,506,144,9,258,170,846
2789,1989,Harvey Grant,PF,23,WSB,71,1,1193,17,10.6,0.477,0.003,0.146,6.6,8.4,7.5,9,1.4,1.4,6.3,14.9,0.9,0.9,1.7,0.07,-1.6,-0.1,-1.7,0.1,181,390,0.464,0,1,0,181,389,0.465,0.464,34,57,0.596,75,88,163,79,35,29,28,147,396
2790,1989,Horace Grant,PF,23,CHI,79,79,2809,36,13.8,0.547,0.006,0.255,10.2,17.6,14,8.2,1.5,1.3,12.8,15.2,3.3,3.1,6.4,0.11,-0.2,1.3,1.1,2.2,405,781,0.519,0,5,0,405,776,0.522,0.519,140,199,0.704,240,441,681,168,86,62,128,251,950
2791,1989,Stuart Gray,C,25,IND,72,0,783,11,9.1,0.519,0.007,0.418,12.6,21.6,17.3,4.9,0.7,1.6,20.9,12.2,0.2,0.7,0.9,0.054,-3.2,-0.2,-3.4,-0.3,72,153,0.471,0,1,0,72,152,0.474,0.471,44,64,0.688,84,161,245,29,11,21,48,128,188
2792,1989,Sylvester Gray,SF,21,MIA,55,15,1220,22,11.2,0.471,0.01,0.392,10.4,16.2,13.2,14.2,1.4,1.3,17.9,18.9,-0.4,1.1,0.7,0.028,-2.6,0.5,-2.1,0,167,398,0.42,1,4,0.25,166,394,0.421,0.421,105,156,0.673,117,169,286,117,36,25,102,144,440
2793,1989,Jeff Grayer,SG,23,MIL,11,2,200,18,12.6,0.495,0.027,0.274,8,12.3,10.1,15.7,2.4,0.3,18.8,20.9,0,0.2,0.2,0.047,-1.9,0.3,-1.6,0,32,73,0.438,0,2,0,32,71,0.451,0.438,17,20,0.85,14,21,35,22,10,1,19,15,81
2794,1989,A.C. Green,PF,25,LAL,82,82,2510,31,17.8,0.594,0.022,0.474,12.3,20,16.4,5.5,1.8,1.2,11.5,17,5.8,3.5,9.4,0.179,1.6,0.6,2.2,2.7,401,758,0.529,4,17,0.235,397,741,0.536,0.532,282,359,0.786,258,481,739,103,94,55,119,172,1088
2795,1989,Rickey Green,PG,34,TOT,63,2,871,14,13.7,0.522,0.042,0.125,1.4,7.8,4.5,30,2.2,0.1,18,16.1,0.6,0.6,1.2,0.067,-1.7,-1.9,-3.6,-0.3,129,264,0.489,3,11,0.273,126,253,0.498,0.494,30,33,0.909,11,58,69,187,40,2,61,35,291
2798,1989,Sidney Green,PF,28,NYK,82,0,1277,16,12.6,0.52,0.007,0.403,13.3,21.1,17.2,7.6,1.7,0.8,20.1,18.9,0.4,1.5,2,0.075,-2.3,-0.1,-2.4,-0.1,194,422,0.46,0,3,0,194,419,0.463,0.46,129,170,0.759,157,237,394,76,47,18,125,172,517
2799,1989,Dave Greenwood,PF,31,TOT,67,18,1403,21,11.8,0.493,0,0.446,10.2,21,15.3,8.6,1.5,2.1,16.2,15.5,0.5,1.8,2.2,0.076,-2.9,1.1,-1.8,0.1,167,395,0.423,0,0,0,167,395,0.423,0.423,132,176,0.75,140,262,402,96,47,52,91,201,466
2802,1989,Darrell Griffith,SG,30,UTA,82,73,2382,29,12.3,0.504,0.188,0.174,3.9,11,7.7,8.9,1.8,0.6,11.1,22.5,0.2,3.7,3.9,0.078,-1.2,0.3,-0.9,0.7,466,1045,0.446,61,196,0.311,405,849,0.477,0.475,142,182,0.78,77,253,330,130,86,22,141,175,1135
2803,1989,Petur Gudmundsson,C,30,SAS,5,3,70,14,2.7,0.392,0,0.16,7.5,18.1,12.6,9.5,0.7,0.9,23,19.3,-0.2,0.1,-0.1,-0.09,-8.1,-1.5,-9.6,-0.1,9,25,0.36,0,0,0,9,25,0.36,0.36,3,4,0.75,5,11,16,5,1,1,8,15,21
2804,1989,Jack Haley,PF,25,CHI,51,1,289,6,9.9,0.56,0,0.59,8.7,19.4,14.2,4.7,1.9,0,20.9,18.4,0,0.3,0.4,0.064,-4.4,-1.6,-6,-0.3,37,78,0.474,0,0,0,37,78,0.474,0.474,36,46,0.783,21,50,71,10,11,0,26,56,110
2805,1989,Bob Hansen,SG,28,UTA,46,9,964,21,9.7,0.512,0.18,0.25,3.6,10.6,7.4,7.8,1.9,0.4,11.4,16.5,0.2,1.5,1.7,0.083,-1.8,0.9,-0.9,0.3,140,300,0.467,19,54,0.352,121,246,0.492,0.498,42,75,0.56,29,99,128,50,37,6,43,105,341
2806,1989,Bill Hanzlik,PF,31,DEN,41,0,701,17,8.6,0.531,0.033,0.576,2.5,11.7,6.8,14.2,1.6,0.4,21.9,13.2,0,0.6,0.7,0.047,-3.6,-0.1,-3.8,-0.3,66,151,0.437,1,5,0.2,65,146,0.445,0.44,68,87,0.782,18,75,93,86,25,5,53,82,201
2807,1989,Derek Harper,PG,27,DAL,81,81,2968,37,18.3,0.561,0.247,0.252,1.7,6.7,4.2,30.1,2.9,0.8,14.1,21.2,5.2,2.8,8,0.13,3.3,-0.6,2.8,3.6,538,1127,0.477,99,278,0.356,439,849,0.517,0.521,229,284,0.806,46,182,228,570,172,41,205,219,1404
2808,1989,Ron Harper,SG,25,CLE,82,82,2851,35,19.8,0.57,0.101,0.374,5.1,10.8,8.1,22.7,3.2,1.5,14.7,23.4,5.1,5.1,10.2,0.171,2.9,2.3,5.2,5.2,587,1149,0.511,29,116,0.25,558,1033,0.54,0.523,323,430,0.751,122,287,409,434,185,74,230,224,1526
2809,1989,Steve Harris,SG,25,DET,3,0,7,2,18.3,0.41,0,0.5,0,30.8,16.1,0,7.2,0,0,29.9,0,0,0,0.181,-8.1,-2.5,-10.6,0,1,4,0.25,0,0,0,1,4,0.25,0.25,2,2,1,0,2,2,0,1,0,0,1,4
2810,1989,Scott Hastings,C,28,MIA,75,6,1206,16,9.4,0.515,0.085,0.326,6.5,15.4,10.8,7.1,1.3,2.1,15.3,14.9,0.4,1.1,1.5,0.061,-3.4,0.3,-3.2,-0.3,143,328,0.436,9,28,0.321,134,300,0.447,0.45,91,107,0.85,72,159,231,59,32,42,68,203,386
2811,1989,Hersey Hawkins,SG,22,PHI,79,79,2577,33,14.2,0.544,0.171,0.299,2.2,7.6,4.9,13,2.3,0.8,12.6,20.3,2.7,1.3,4,0.075,1,-0.6,0.3,1.5,442,971,0.455,71,166,0.428,371,805,0.461,0.492,241,290,0.831,51,174,225,239,120,37,158,184,1196
2812,1989,Gerald Henderson,PG,33,PHI,65,0,986,15,12.1,0.526,0.307,0.365,1.9,5.8,3.9,19.2,2.1,0.2,15.3,20.1,0.8,0.3,1.1,0.055,0.1,-2.7,-2.6,-0.2,144,348,0.414,33,107,0.308,111,241,0.461,0.461,104,127,0.819,17,51,68,140,42,3,73,121,425
2813,1989,Rod Higgins,PF,29,GSW,81,1,1887,23,15.5,0.583,0.265,0.362,5.9,14,10,10.9,0.9,1.2,9.4,16.2,4.4,1.5,5.9,0.15,1.4,-0.9,0.5,1.2,301,633,0.476,66,168,0.393,235,465,0.505,0.528,188,229,0.821,111,265,376,160,39,42,76,172,856
2814,1989,Roy Hinson,SF,27,NJN,82,39,2542,31,14.7,0.54,0.002,0.409,6.4,16.7,11.4,4.3,0.6,2.8,12,22.2,2.4,2,4.4,0.084,-1.9,-0.7,-2.6,-0.4,495,1027,0.482,0,2,0,495,1025,0.483,0.482,318,420,0.757,152,370,522,71,34,121,165,298,1308
2815,1989,Craig Hodges,SG,28,TOT,59,6,1204,20,14.5,0.581,0.419,0.133,2.3,6.1,4.3,17.2,1.8,0.2,11.1,18.1,2.1,0.8,2.9,0.117,1.8,-2.3,-0.5,0.5,203,430,0.472,75,180,0.417,128,250,0.512,0.559,48,57,0.842,23,66,89,146,43,4,57,90,529
2818,1989,Mike Holton,PG,27,CHH,67,60,1696,25,12.3,0.488,0.028,0.284,1.9,5.2,3.4,33.8,1.9,0.4,17.3,16.6,0.9,0.4,1.3,0.038,-1.6,-2.4,-4.1,-0.9,215,504,0.427,3,14,0.214,212,490,0.433,0.43,120,143,0.839,30,75,105,424,66,12,119,165,553
2819,1989,Dave Hoppen,C,24,CHH,77,36,1419,18,11.8,0.604,0.006,0.394,9.1,21.5,15,5.5,0.8,0.9,15.7,14.2,1.7,0.9,2.6,0.086,-1.7,-0.3,-1.9,0,199,353,0.564,1,2,0.5,198,351,0.564,0.565,101,139,0.727,123,261,384,57,25,21,77,239,500
2820,1989,Dennis Hopson,SG,23,NJN,62,36,1551,25,13.8,0.486,0.038,0.307,6.3,8.2,7.2,10.2,2.2,1.2,11.2,24.1,0.6,1.2,1.7,0.053,-1.3,-0.6,-1.9,0,299,714,0.419,4,27,0.148,295,687,0.429,0.422,186,219,0.849,91,111,202,103,70,30,102,150,788
2821,1989,Tito Horford,C,23,MIL,25,0,112,4,3.6,0.386,0,0.413,9.2,13.6,11.4,3.7,0.4,3.9,21.6,25.7,-0.4,0.1,-0.3,-0.136,-10.2,-1.9,-12,-0.3,15,46,0.326,0,0,0,15,46,0.326,0.326,12,19,0.632,9,13,22,3,1,7,15,14,42
2822,1989,Jeff Hornacek,SG,25,PHO,78,73,2487,32,16.3,0.545,0.091,0.2,3.4,7.8,5.7,24.2,2.4,0.2,10.3,17.2,4.9,2.8,7.7,0.149,2.5,0.7,3.2,3.3,440,889,0.495,27,81,0.333,413,808,0.511,0.51,147,178,0.826,75,191,266,465,129,8,111,188,1054
2823,1989,Phil Hubbard,SF,32,CLE,31,0,191,6,11.7,0.493,0,0.397,8.7,14.6,11.8,7.9,1.5,0,10.8,18.5,0.1,0.3,0.4,0.096,-2.9,-1.1,-4,-0.1,28,63,0.444,0,0,0,28,63,0.444,0.444,17,25,0.68,14,26,40,11,6,0,9,20,73
2824,1989,Eddie Hughes,PG,28,DEN,26,1,224,9,11.4,0.505,0.344,0.188,2.6,6.3,4.4,18.7,3.4,0.5,13.7,13.7,0.1,0.3,0.4,0.089,-1.2,-0.5,-1.6,0,28,64,0.438,7,22,0.318,21,42,0.5,0.492,7,12,0.583,6,13,19,35,17,2,11,30,70
2825,1989,Jay Humphries,PG,26,MIL,73,50,2220,30,14.6,0.539,0.132,0.221,3.6,6.3,4.9,25.9,3.1,0.1,17,17.6,2.4,2.5,4.9,0.105,1.2,0.2,1.3,1.9,345,714,0.483,25,94,0.266,320,620,0.516,0.501,129,158,0.816,70,119,189,405,142,5,160,187,844
2826,1989,Marc Iavaroni,PF,32,UTA,77,50,796,10,5.3,0.494,0.006,0.27,6.2,11.8,9.2,5.6,0.7,1,22.2,12.4,-0.5,1.1,0.6,0.036,-4.8,0.9,-3.9,-0.4,72,163,0.442,0,1,0,72,162,0.444,0.442,36,44,0.818,41,91,132,32,11,13,52,99,180
2827,1989,Mark Jackson,PG,23,NYK,72,72,2477,34,18.3,0.535,0.234,0.252,4.6,10.8,7.7,33.7,2.6,0.2,16.6,21.3,4.8,2.5,7.2,0.14,3.2,0.1,3.3,3.3,479,1025,0.467,81,240,0.338,398,785,0.507,0.507,180,258,0.698,106,235,341,619,139,7,226,163,1219
2828,1989,Michael Jackson,PG,24,SAC,14,0,70,5,6.7,0.422,0.25,0.083,1.5,4.7,3.1,21.8,2,0,13.9,16.9,0,0,0,-0.008,-4.1,-3.2,-7.3,-0.1,9,24,0.375,2,6,0.333,7,18,0.389,0.417,1,2,0.5,1,3,4,11,3,0,4,12,21
2829,1989,Avery Johnson,PG,23,SEA,43,0,291,7,10.8,0.378,0.108,0.193,4.1,5.2,4.6,31.3,3.5,0.6,16.7,14.8,0,0.3,0.3,0.045,-2.6,-1.3,-3.9,-0.1,29,83,0.349,1,9,0.111,28,74,0.378,0.355,9,16,0.563,11,13,24,73,21,3,18,34,68
2830,1989,Buck Johnson,SF,25,HOU,67,51,1850,28,11.4,0.559,0.017,0.26,6.7,10,8.4,9.5,1.6,1.1,16.1,14.9,1.5,2.1,3.6,0.094,-0.7,1.2,0.5,1.1,270,515,0.524,1,9,0.111,269,506,0.532,0.525,101,134,0.754,114,172,286,126,64,35,110,213,642
2831,1989,Dennis Johnson,PG,34,BOS,72,72,2309,32,11.5,0.498,0.078,0.306,1.6,7.8,4.7,26.6,2,0.5,19.5,16.2,1,1.5,2.5,0.051,-1.1,-0.9,-2,0,277,638,0.434,7,50,0.14,270,588,0.459,0.44,160,195,0.821,31,159,190,472,94,21,175,211,721
2832,1989,Eddie Johnson,SF,29,PHO,70,7,2043,29,19.4,0.564,0.141,0.204,5,10.7,8,12.2,1.1,0.2,8.4,28.3,4.6,1.9,6.5,0.152,3.3,-2,1.3,1.7,608,1224,0.497,71,172,0.413,537,1052,0.51,0.526,217,250,0.868,91,215,306,162,47,7,122,198,1504
2833,1989,Frank Johnson,PG,30,HOU,67,0,879,13,10.4,0.512,0.024,0.378,2.7,7,4.9,28,2.3,0,26.2,17.8,-0.3,1,0.6,0.034,-3.4,-1.3,-4.7,-0.6,109,246,0.443,1,6,0.167,108,240,0.45,0.445,75,93,0.806,22,57,79,181,42,0,102,91,294
2834,1989,Kevin Johnson,PG,22,PHO,81,81,3179,39,20.5,0.597,0.02,0.511,1.6,9.4,5.7,40.4,2,0.4,18.9,21.2,8.6,3.5,12.2,0.184,3.7,-0.1,3.5,4.5,570,1128,0.505,2,22,0.091,568,1106,0.514,0.506,508,576,0.882,46,294,340,991,135,24,322,226,1650
2835,1989,Magic Johnson,PG,29,LAL,77,77,2886,37,26.9,0.625,0.165,0.495,4.6,18,11.7,48.6,2.3,0.4,18.4,24.3,12.1,4,16.1,0.267,7.9,1.4,9.3,8.2,579,1137,0.509,59,188,0.314,520,949,0.548,0.535,513,563,0.911,111,496,607,988,138,22,312,172,1730
2836,1989,Steve Johnson,C,31,POR,72,11,1477,21,12.4,0.536,0,0.434,9.6,17,13.2,9.7,0.6,1.7,17.2,21.2,0.5,1.3,1.7,0.056,-1.9,-0.9,-2.8,-0.3,296,565,0.524,0,0,0,296,565,0.524,0.524,129,245,0.527,135,223,358,105,20,44,140,254,721
2837,1989,Vinnie Johnson,SG,32,DET,82,21,2073,25,17.3,0.508,0.044,0.264,6.2,7.6,7,18.4,1.8,0.5,8.6,25.1,3.4,2.4,5.9,0.136,1.6,-0.1,1.5,1.8,462,996,0.464,13,44,0.295,449,952,0.472,0.47,193,263,0.734,109,146,255,242,74,17,105,155,1130
2838,1989,Anthony Jones,SG,26,TOT,33,0,196,6,13.4,0.442,0.203,0.203,8.1,7.8,8,13,2.8,0.9,5.5,20.1,0.1,0.2,0.3,0.078,-0.6,-0.9,-1.5,0,29,79,0.367,4,16,0.25,25,63,0.397,0.392,14,16,0.875,14,14,28,17,11,3,5,20,76
2841,1989,Bill Jones,PF,22,NJN,37,0,307,8,13.9,0.533,0.01,0.422,7,10.1,8.5,9.6,2.7,1.2,13,18.5,0.3,0.3,0.6,0.089,-1.4,0.1,-1.3,0.1,50,102,0.49,0,1,0,50,101,0.495,0.49,29,43,0.674,20,27,47,20,17,6,18,38,129
2842,1989,Caldwell Jones,PF,38,POR,72,40,1279,18,6.8,0.481,0.005,0.333,7.2,18.6,12.7,5.3,0.9,3.9,28.3,8.8,-0.6,1.5,0.8,0.031,-4.9,2.6,-2.4,-0.1,77,183,0.421,0,1,0,77,182,0.423,0.421,48,61,0.787,88,212,300,59,24,85,83,166,202
2843,1989,Charles Jones,C,31,WSB,53,45,1154,22,7.4,0.5,0.008,0.2,7,17.8,12.2,4.4,1.6,3.9,22.3,6.1,0.1,1.5,1.6,0.068,-3.6,4,0.4,0.7,60,125,0.48,0,1,0,60,124,0.484,0.48,16,25,0.64,77,180,257,42,39,76,39,187,136
2844,1989,Charles Jones,PF,27,WSB,43,0,516,12,10.7,0.522,0.037,0.646,11,19,14.8,4.3,1.7,1.8,17.3,9.9,0.3,0.6,0.9,0.086,-2.7,1.3,-1.4,0.1,38,82,0.463,1,3,0.333,37,79,0.468,0.47,33,53,0.623,54,86,140,18,18,16,22,49,110
2845,1989,Shelton Jones,SF,22,TOT,51,34,682,13,10.4,0.5,0.005,0.383,5.1,13.4,9.2,8.2,1.5,1.3,16.1,17.6,-0.1,0.4,0.3,0.022,-3.4,-0.7,-4.1,-0.4,93,209,0.445,0,1,0,93,208,0.447,0.445,58,80,0.725,32,81,113,42,21,15,47,58,244
2849,1989,Michael Jordan,SG,25,CHI,81,81,3255,40,31.1,0.614,0.055,0.442,5.5,17.3,11.6,34.7,3.6,1.2,11.9,32.1,14.6,5.2,19.8,0.292,9.8,2.7,12.6,12,966,1795,0.538,27,98,0.276,939,1697,0.553,0.546,674,793,0.85,149,503,652,650,234,65,290,247,2633
2850,1989,Tim Kempton,PF,25,CHH,79,0,1341,17,10.4,0.568,0.003,0.618,7.1,18.5,12.5,10.3,1.5,0.6,22.1,16.7,0.2,0.9,1,0.036,-2.7,0.4,-2.3,-0.1,171,335,0.51,0,1,0,171,334,0.512,0.51,142,207,0.686,91,213,304,102,41,14,121,215,484
2851,1989,Steve Kerr,PG,23,PHO,26,0,157,6,12.7,0.54,0.37,0.196,2.1,9.1,5.8,18.6,2,0,10.7,14.1,0.2,0.2,0.4,0.123,0.4,-0.8,-0.4,0.1,20,46,0.435,8,17,0.471,12,29,0.414,0.522,6,9,0.667,3,14,17,24,7,0,6,12,54
2852,1989,Jerome Kersey,SF,26,POR,76,76,2716,36,16.6,0.511,0.018,0.327,9.5,15.8,12.6,12.2,2.3,1.8,11.4,20.8,3.5,3.3,6.8,0.121,0.8,1.6,2.4,3,533,1137,0.469,6,21,0.286,527,1116,0.472,0.471,258,372,0.694,246,383,629,243,137,84,167,277,1330
2853,1989,Randolph Keys,SF,22,CLE,42,0,331,8,11.5,0.457,0.058,0.169,8.3,10.7,9.5,8.8,1.8,1,10.2,26.4,-0.2,0.5,0.3,0.037,-3.6,-1.9,-5.5,-0.3,74,172,0.43,1,10,0.1,73,162,0.451,0.433,20,29,0.69,23,33,56,19,12,6,21,51,169
2854,1989,Albert King,SF,29,SAS,46,11,791,17,9.4,0.47,0.098,0.147,4.4,15.6,9.7,14.3,1.6,0.5,17.5,20.7,-0.7,0.7,0,-0.003,-4,-1.1,-5.1,-0.6,141,327,0.431,8,32,0.25,133,295,0.451,0.443,37,48,0.771,33,107,140,79,27,7,74,97,327
2855,1989,Bernard King,SF,32,WSB,81,81,2559,32,17.7,0.535,0.022,0.322,5.4,11.2,8.2,18.2,1.2,0.3,12.7,28.1,3.3,1.7,4.9,0.092,1.7,-1.5,0.2,1.4,654,1371,0.477,5,30,0.167,649,1341,0.484,0.479,361,441,0.819,133,251,384,294,64,13,227,219,1674
2856,1989,Greg Kite,C,27,TOT,70,24,942,13,6.3,0.444,0,0.272,9.2,18.7,13.9,4.7,1.3,3.2,25.5,9.6,-0.8,0.9,0.1,0.005,-5.6,1.8,-3.8,-0.4,65,151,0.43,0,0,0,65,151,0.43,0.43,20,41,0.488,81,162,243,36,27,54,58,161,150
2859,1989,Joe Kleine,C,27,TOT,75,13,1411,19,10,0.485,0.005,0.352,9.7,19.9,14.7,6.4,1.1,0.9,17.3,17.6,-0.2,1.3,1,0.035,-3.9,-0.6,-4.5,-0.9,175,432,0.405,0,2,0,175,430,0.407,0.405,134,152,0.882,124,254,378,67,33,23,104,192,484
2862,1989,Bart Kofoed,SG,24,UTA,19,0,176,9,3.7,0.396,0.03,0.333,2.7,4.1,3.5,15.4,2.5,0,25.6,12.2,-0.3,0.2,0,-0.006,-5.7,0.7,-5,-0.1,12,33,0.364,0,1,0,12,32,0.375,0.364,6,11,0.545,4,7,11,20,9,0,13,22,30
2863,1989,Jon Koncak,C,25,ATL,74,22,1531,21,12,0.54,0.011,0.424,10.3,22.1,16.1,4.8,1.7,3.8,15.8,10.1,1.3,2.5,3.7,0.117,-1.4,3.1,1.8,1.5,141,269,0.524,0,3,0,141,266,0.53,0.524,63,114,0.553,147,306,453,56,54,98,60,238,345
2864,1989,Larry Krystkowiak,PF,24,MIL,80,77,2472,31,14.2,0.552,0.016,0.458,9.1,19.6,14.3,6.1,1.8,0.2,13.8,17.9,3.1,3.2,6.3,0.122,-0.4,0.4,0,1.3,362,766,0.473,4,12,0.333,358,754,0.475,0.475,289,351,0.823,198,412,610,107,93,9,147,219,1017
2865,1989,Bill Laimbeer,C,31,DET,81,81,2640,33,16.6,0.557,0.096,0.236,6.2,26.1,16.6,9.8,1,2.3,11.5,18.2,4,5,9,0.164,0.2,2.8,3,3.4,449,900,0.499,30,86,0.349,419,814,0.515,0.516,178,212,0.84,138,638,776,177,51,100,129,259,1106
2866,1989,Jeff Lamp,SF,29,LAL,37,0,176,5,6.8,0.421,0.058,0.072,4.1,16.6,10.8,11.3,2.2,0.6,18.3,20.5,-0.3,0.2,-0.1,-0.026,-6.1,-0.4,-6.5,-0.2,27,69,0.391,2,4,0.5,25,65,0.385,0.406,4,5,0.8,6,28,34,15,8,2,16,27,60
2867,1989,Jerome Lane,PF,22,DEN,54,1,550,10,12.3,0.427,0.027,0.438,15.5,22.4,18.7,14.3,1.6,0.4,14.1,24.7,-0.6,0.7,0.1,0.013,-2.7,-0.8,-3.5,-0.2,109,256,0.426,0,7,0,109,249,0.438,0.426,43,112,0.384,87,113,200,60,20,4,50,105,261
2868,1989,Andrew Lang,C,22,PHO,62,25,526,8,11.6,0.554,0,0.513,11.4,18,14.9,2,1.5,5,16.3,12.9,0.4,0.9,1.4,0.124,-2.4,2.2,-0.3,0.2,60,117,0.513,0,0,0,60,117,0.513,0.513,39,60,0.65,54,93,147,9,17,48,28,112,159
2869,1989,Allen Leavell,SG,31,HOU,55,3,627,11,7.7,0.417,0.218,0.319,2.3,6.8,4.6,26.8,1.9,0.5,22.4,17.7,-0.8,0.7,-0.1,-0.009,-4.4,-1.6,-6,-0.6,65,188,0.346,5,41,0.122,60,147,0.408,0.359,44,60,0.733,13,40,53,127,25,5,62,61,179
2870,1989,Eric Leckner,C,22,UTA,75,0,779,10,9.7,0.591,0,0.514,7.4,20,14.2,3.1,0.5,1.7,20.4,18.4,0.1,1.4,1.5,0.093,-4.2,-0.5,-4.7,-0.5,120,220,0.545,0,0,0,120,220,0.545,0.545,79,113,0.699,48,151,199,16,8,22,69,174,319
2871,1989,Keith Lee,PF,26,NJN,57,4,840,15,10.8,0.468,0.008,0.275,9.4,25.4,17.1,7,1.1,2.3,15.5,16.7,-0.2,1,0.8,0.045,-4.4,0.7,-3.7,-0.4,109,258,0.422,0,2,0,109,256,0.426,0.422,53,71,0.746,73,186,259,42,20,33,53,138,271
2872,1989,Jim Les,PG,25,UTA,82,0,781,10,7.9,0.418,0.105,0.549,3.5,8.4,6.2,36.5,1.7,0.4,34.8,13.7,-0.8,1.1,0.3,0.018,-5.1,-0.7,-5.8,-0.8,40,133,0.301,1,14,0.071,39,119,0.328,0.305,57,73,0.781,23,64,87,215,27,5,88,88,138
2873,1989,Fat Lever,SG,28,DEN,71,71,2745,39,20.6,0.513,0.054,0.282,6.7,18.9,12.4,26.9,3.2,0.4,10.3,21.3,5.1,4.2,9.2,0.161,3.2,2.5,5.7,5.3,558,1221,0.457,23,66,0.348,535,1155,0.463,0.466,270,344,0.785,187,475,662,559,195,20,157,178,1409
2874,1989,Cliff Levingston,PF,28,ATL,80,52,2184,27,13.4,0.563,0.009,0.336,9.5,15.4,12.4,4.7,2.2,1.9,13.9,14.1,2.7,2.8,5.5,0.121,0.2,1.8,2,2.2,300,568,0.528,1,5,0.2,299,563,0.531,0.529,133,191,0.696,194,304,498,75,97,70,105,270,734
2875,1989,Ralph Lewis,SG,25,CHH,42,0,336,8,10.8,0.492,0.025,0.322,11,9,10,6.4,1.6,0.5,14.8,19.8,-0.1,0.1,0,-0.005,-2.7,-1.7,-4.4,-0.2,58,121,0.479,1,3,0.333,57,118,0.483,0.483,19,39,0.487,35,26,61,15,11,3,24,28,136
2876,1989,Reggie Lewis,SF,23,BOS,81,57,2657,33,17.6,0.534,0.018,0.291,5.1,11.1,8.1,12.4,2.3,1.6,9.2,24.1,4.4,2.4,6.9,0.124,1.3,0,1.3,2.2,604,1242,0.486,3,22,0.136,601,1220,0.493,0.488,284,361,0.787,116,261,377,218,124,72,142,258,1495
2877,1989,Alton Lister,C,30,SEA,82,82,1806,22,13.7,0.529,0,0.328,12.4,21.6,16.9,4,0.7,6,15.8,16.3,1.3,2.3,3.7,0.097,-2.1,1.6,-0.6,0.7,271,543,0.499,0,0,0,271,543,0.499,0.499,115,178,0.646,207,338,545,54,28,180,117,310,657
2878,1989,Rob Lock,PF,22,LAC,20,0,110,6,5.3,0.389,0,0.469,13.6,17.4,15.5,4.5,1.3,2,25.2,18.5,-0.3,0.1,-0.2,-0.083,-8,-1.4,-9.4,-0.2,9,32,0.281,0,0,0,9,32,0.281,0.281,12,15,0.8,14,18,32,4,3,4,13,15,30
2879,1989,Brad Lohaus,PF,24,TOT,77,25,1214,16,11.6,0.472,0.023,0.212,7.7,15.8,11.8,7.7,1.2,2.7,12.7,20.7,-0.3,1.1,0.9,0.034,-3.5,-0.5,-4,-0.6,210,486,0.432,1,11,0.091,209,475,0.44,0.433,81,103,0.786,84,172,256,66,30,56,77,161,502
2882,1989,Grant Long,PF,22,MIA,82,73,2435,30,13.7,0.561,0.007,0.587,10.7,14.7,12.6,9.1,2.4,1.2,18.8,17.9,2,2.7,4.6,0.091,-0.4,1.3,0.9,1.8,336,692,0.486,0,5,0,336,687,0.489,0.486,304,406,0.749,240,306,546,149,122,48,201,337,976
2883,1989,John Long,SG,32,TOT,68,1,919,14,9.5,0.474,0.056,0.212,2.3,6.8,4.7,12.5,1.5,0.2,12.7,20.5,-0.2,0.4,0.2,0.011,-3.3,-2.1,-5.5,-0.8,147,359,0.409,8,20,0.4,139,339,0.41,0.421,70,76,0.921,18,59,77,80,29,3,57,84,372
2886,1989,Sidney Lowe,SG,29,CHH,14,0,250,18,13.7,0.385,0.08,0.44,2.5,13.1,7.5,44.6,2.7,0,23.2,6.4,0.3,0.2,0.5,0.1,-2.8,-1.2,-4,-0.1,8,25,0.32,0,2,0,8,23,0.348,0.32,7,11,0.636,6,28,34,93,14,0,9,28,23
2887,1989,John Lucas,PG,35,SEA,74,8,842,11,16.6,0.466,0.227,0.258,2.8,7.8,5.2,40.7,3.4,0.1,16.5,18.9,1.1,0.8,1.9,0.109,0.5,-2.3,-1.7,0.1,119,299,0.398,18,68,0.265,101,231,0.437,0.428,54,77,0.701,22,57,79,260,60,1,66,53,310
2888,1989,Rick Mahorn,PF,30,DET,72,61,1795,25,12.1,0.566,0.005,0.394,9.3,21.3,15.6,4.4,1.1,2.3,17.4,13.3,1.5,3.1,4.6,0.123,-1.6,2.5,0.9,1.3,203,393,0.517,0,2,0,203,391,0.519,0.517,116,155,0.748,141,355,496,59,40,66,97,206,522
2889,1989,Dan Majerle,SG,23,PHO,54,5,1354,25,11.3,0.479,0.19,0.294,5.1,11.1,8.2,11.8,2.1,0.6,9,15.7,0.9,1.7,2.5,0.09,-0.1,1.3,1.2,1.1,181,432,0.419,27,82,0.329,154,350,0.44,0.45,78,127,0.614,62,147,209,130,63,14,48,139,467
2890,1989,Jeff Malone,SG,27,WSB,76,75,2418,32,16.7,0.529,0.013,0.241,2.4,5.8,4,14.9,0.8,0.3,9.6,28.6,3.2,0.9,4.1,0.081,0.8,-3.4,-2.6,-0.3,677,1410,0.48,1,19,0.053,676,1391,0.486,0.48,296,340,0.871,55,124,179,219,39,14,165,155,1651
2891,1989,Karl Malone,PF,25,UTA,80,80,3126,39,24.4,0.592,0.01,0.589,10,19.6,15.1,12.8,2.3,1.3,12.7,30.4,8.6,6.6,15.2,0.233,4.2,1.9,6.1,6.5,809,1559,0.519,5,16,0.313,804,1543,0.521,0.521,703,918,0.766,259,594,853,219,144,70,285,286,2326
2892,1989,Moses Malone,C,33,ATL,81,80,2878,36,21.2,0.581,0.011,0.649,14.4,21.9,18.1,5.8,1.3,2.1,14.8,23.4,6.8,3.9,10.7,0.178,2,0,2.1,3,538,1096,0.491,0,12,0,538,1084,0.496,0.491,561,711,0.789,386,570,956,112,79,100,245,154,1637
2893,1989,Danny Manning,PF,22,LAC,26,18,950,37,13.4,0.538,0.014,0.288,7.9,11.3,9.6,12.2,2.1,1.5,18.7,20.6,0,0.7,0.7,0.034,-1,0.5,-0.5,0.4,177,358,0.494,1,5,0.2,176,353,0.499,0.496,79,103,0.767,70,101,171,81,44,25,93,89,434
2894,1989,Pace Mannion,SF,28,TOT,10,0,32,3,7.3,0.5,0.25,0,0,17,8.7,8.3,4.6,0,27.3,14.1,-0.1,0.1,0,0.008,-5.1,1.2,-3.8,0,4,8,0.5,0,2,0,4,6,0.667,0.5,0,0,0,0,5,5,2,3,0,3,5,8
2897,1989,Vernon Maxwell,SG,23,SAS,79,36,2065,26,12.1,0.496,0.156,0.294,2.5,8.5,5.4,20.7,1.9,0.2,16,20.9,0.1,1.4,1.5,0.035,-1.6,-1.7,-3.3,-0.7,357,827,0.432,32,129,0.248,325,698,0.466,0.451,181,243,0.745,49,153,202,301,86,8,178,136,927
2898,1989,Tim McCormick,C,26,HOU,81,0,1257,16,9.3,0.521,0.011,0.368,7.6,14.9,11.2,5.9,0.7,1.1,14.3,15.2,0.6,1.4,2,0.075,-2.9,-0.4,-3.3,-0.4,169,351,0.481,0,4,0,169,347,0.487,0.481,87,129,0.674,87,174,261,54,18,24,68,193,425
2899,1989,Rodney McCray,SF,27,SAC,68,65,2435,36,13.1,0.513,0.03,0.321,6.2,16.6,11.3,16.9,1.1,0.9,16.8,16.8,1.1,1.8,2.9,0.057,-1.2,1.1,0,1.2,340,729,0.466,5,22,0.227,335,707,0.474,0.47,169,234,0.722,143,371,514,293,57,36,168,121,854
2900,1989,Xavier McDaniel,SF,25,SEA,82,10,2385,29,18.6,0.533,0.026,0.308,8,12.4,10.2,9.1,1.7,1,11.8,29.8,3.5,1.8,5.3,0.107,0.7,-2.2,-1.5,0.3,677,1385,0.489,11,36,0.306,666,1349,0.494,0.493,312,426,0.732,177,256,433,134,84,40,210,231,1677
2901,1989,Ben McDonald,PF,26,GSW,11,0,103,9,12,0.684,0,0.789,3.9,7.7,5.8,6,1.7,0,10.5,10.5,0.2,0.1,0.3,0.131,-0.7,-1.4,-2.1,0,13,19,0.684,0,0,0,13,19,0.684,0.684,9,15,0.6,4,8,12,5,4,0,3,11,35
2902,1989,Mike McGee,SG,29,NJN,80,49,2027,25,13.2,0.529,0.278,0.157,3.9,6.6,5.2,9.1,1.9,0.4,11.2,22.3,1.2,1.1,2.3,0.055,0.6,-1.7,-1.2,0.4,434,917,0.473,93,255,0.365,341,662,0.515,0.524,77,144,0.535,73,116,189,116,80,12,124,184,1038
2903,1989,Kevin McHale,PF,31,BOS,78,74,2876,37,20.3,0.608,0.003,0.44,9,16.3,12.7,9.1,0.4,2,11.9,23.7,8.1,1.9,10.1,0.168,3.1,-0.9,2.1,3,661,1211,0.546,0,4,0,661,1207,0.548,0.546,436,533,0.818,223,414,637,172,26,97,196,223,1758
2904,1989,Derrick McKey,SF,22,SEA,82,82,2804,34,15.5,0.575,0.092,0.387,6.5,12.2,9.3,10.7,1.8,1.5,14.2,18.8,5,2.3,7.4,0.126,1.6,0.6,2.2,3,487,970,0.502,30,89,0.337,457,881,0.519,0.518,301,375,0.803,167,297,464,219,105,70,188,264,1305
2905,1989,Nate McMillan,PG,24,SEA,75,74,2341,31,14.5,0.468,0.144,0.39,6.6,12.1,9.3,36.4,3.2,1.1,27.1,13.3,1.7,2.7,4.4,0.09,0.4,1.7,2.1,2.4,199,485,0.41,15,70,0.214,184,415,0.443,0.426,119,189,0.63,143,245,388,696,156,42,211,236,532
2906,1989,Mark McNamara,C,29,LAL,39,0,318,8,11.2,0.575,0,1.219,14.3,20.4,17.5,3.9,0.6,0.5,19.6,15.9,0.4,0.3,0.7,0.106,-2.2,-2.1,-4.2,-0.2,32,64,0.5,0,0,0,32,64,0.5,0.5,49,78,0.628,38,62,100,10,4,3,24,51,113
2907,1989,Reggie Miller,SG,23,IND,74,70,2536,34,15.7,0.602,0.294,0.409,3.4,9.1,6.4,12.9,1.8,0.7,12.7,18.5,5.2,1.3,6.5,0.124,2.7,-0.4,2.3,2.8,398,831,0.479,98,244,0.402,300,587,0.511,0.538,287,340,0.844,73,219,292,227,93,29,143,170,1181
2908,1989,Todd Mitchell,SF,22,TOT,24,0,353,15,7.5,0.491,0,0.66,5.5,10.6,7.9,8.6,2.2,0.3,20.9,18.1,-0.4,0.3,-0.1,-0.008,-4.9,-0.6,-5.5,-0.3,43,97,0.443,0,0,0,43,97,0.443,0.443,37,64,0.578,18,32,50,21,16,2,33,51,123
2911,1989,Paul Mokeski,C,32,MIL,74,0,690,9,8.2,0.443,0.159,0.311,10.4,21.1,15.7,6.7,2,1.9,15.8,13.3,-0.1,1.1,1,0.072,-3.2,1.5,-1.7,0.1,59,164,0.36,7,26,0.269,52,138,0.377,0.381,40,51,0.784,63,124,187,36,29,21,35,153,165
2912,1989,Sidney Moncrief,PG,31,MIL,62,50,1594,26,16.4,0.591,0.137,0.445,3.3,9.3,6.2,16.9,2,0.5,12.9,19,3.5,1.6,5,0.151,1.8,-0.3,1.5,1.4,261,532,0.491,25,73,0.342,236,459,0.514,0.514,205,237,0.865,46,126,172,188,65,13,94,114,752
2913,1989,Chris Morris,SF,23,NJN,76,48,2096,28,15,0.528,0.193,0.281,9.7,11.5,10.5,8.8,2.3,1.7,15.7,23.6,0.8,2,2.8,0.064,0.5,0.2,0.7,1.4,414,905,0.457,64,175,0.366,350,730,0.479,0.493,182,254,0.717,188,209,397,119,102,60,190,250,1074
2914,1989,Richard Morton,PG,22,IND,2,0,11,6,12.9,0.75,0,0,0,0,0,15.7,0,0,20,19,0,0,0,0.067,-1.3,-8.1,-9.4,0,3,4,0.75,0,0,0,3,4,0.75,0.75,0,0,0,0,0,0,1,0,0,1,2,6
2915,1989,Chris Mullin,SF,25,GSW,82,82,3093,38,21.9,0.581,0.061,0.339,4.9,10.7,7.8,20.1,2.5,0.7,13.6,26.6,7.5,3.1,10.6,0.165,4,-0.2,3.7,4.4,830,1630,0.509,23,100,0.23,807,1530,0.527,0.516,493,553,0.892,152,331,483,415,176,39,296,178,2176
2916,1989,Pete Myers,SG,25,TOT,33,0,270,8,12.4,0.505,0.027,0.658,6.1,7.6,6.8,21.6,3.4,0.4,19.6,17,0.2,0.3,0.5,0.087,-1.6,-0.2,-1.8,0,31,73,0.425,0,2,0,31,71,0.437,0.425,33,48,0.688,15,18,33,48,20,2,23,44,95
2919,1989,Larry Nance,PF,29,CLE,73,72,2526,35,19.9,0.59,0.004,0.363,7.4,18,13,9.2,1.1,4.7,9.9,19.9,5.7,4.7,10.3,0.197,1.1,2.9,4,3.8,496,920,0.539,0,4,0,496,916,0.541,0.539,267,334,0.799,156,425,581,159,57,206,117,186,1259
2920,1989,Calvin Natt,SF,32,TOT,24,0,353,15,10.7,0.501,0.009,0.681,8.1,15.7,11.7,6.6,1,0.5,16.6,19.8,0,0.3,0.3,0.036,-4.2,-2.2,-6.4,-0.4,47,116,0.405,0,1,0,47,115,0.409,0.405,57,79,0.722,28,50,78,18,8,3,30,32,151
2923,1989,Craig Neal,PG,24,TOT,53,0,500,9,6.7,0.428,0.276,0.187,1.5,5.1,3.2,31.6,2.3,0.5,28.9,15,-0.6,0.3,-0.3,-0.025,-5.3,-3.1,-8.4,-0.8,45,123,0.366,10,34,0.294,35,89,0.393,0.407,14,23,0.609,7,22,29,118,24,4,54,70,114
2926,1989,Ed Nealy,PF,28,TOT,43,0,258,6,6,0.375,0.056,0.25,9.6,22.9,16.5,6.3,1.3,0.2,14.9,7.3,0,0.4,0.4,0.066,-3.9,1.1,-2.8,-0.1,13,36,0.361,0,2,0,13,34,0.382,0.361,4,9,0.444,22,56,78,14,7,1,7,45,30
2929,1989,Chuck Nevitt,C,29,HOU,43,0,228,5,8.1,0.471,0,0.258,8.1,22.1,15.2,1.8,1,7.5,24.2,16.1,-0.4,0.5,0.1,0.022,-8,2.3,-5.6,-0.2,27,62,0.435,0,0,0,27,62,0.435,0.435,11,16,0.688,17,47,64,3,5,29,22,51,65
2930,1989,Johnny Newman,SF,25,NYK,81,80,2336,29,15.3,0.582,0.3,0.367,4.3,5.5,4.9,9.4,2.2,0.6,12.1,21,4.9,1.8,6.7,0.138,2.3,-1.2,1.1,1.8,455,957,0.475,97,287,0.338,358,670,0.534,0.526,286,351,0.815,93,113,206,162,111,23,153,259,1293
2931,1989,Norm Nixon,PG,33,LAC,53,30,1318,25,9.8,0.454,0.078,0.176,1.1,5.3,3.2,33.3,1.6,0,22.8,15.5,-0.6,0.3,-0.4,-0.013,-4,-3.8,-7.8,-1.9,153,370,0.414,8,29,0.276,145,341,0.425,0.424,48,65,0.738,13,65,78,339,46,0,118,69,362
2932,1989,Ken Norman,SF,24,LAC,80,79,3020,38,15.4,0.522,0.017,0.212,8.7,14.9,11.8,13.6,1.6,1.2,12.9,20.8,1.9,2.1,4,0.064,0.4,0.3,0.7,2,638,1271,0.502,4,21,0.19,634,1250,0.507,0.504,170,270,0.63,245,422,667,277,106,66,206,223,1450
2933,1989,Charles Oakley,PF,25,NYK,82,82,2604,32,14.8,0.56,0.057,0.305,14.3,22.7,18.4,9.3,1.8,0.3,20.7,17.8,2.5,3.3,5.7,0.106,0.4,1.1,1.5,2.3,426,835,0.51,12,48,0.25,414,787,0.526,0.517,197,255,0.773,343,518,861,187,104,14,248,270,1061
2934,1989,Hakeem Olajuwon,C,26,HOU,82,82,3024,37,25.2,0.552,0.006,0.419,12.2,27.2,19.8,8.2,3.3,5.5,13,28.2,4.6,7.8,12.4,0.197,1.3,4.1,5.4,5.6,790,1556,0.508,0,10,0,790,1546,0.511,0.508,454,652,0.696,338,767,1105,149,213,282,275,329,2034
2935,1989,Jose Ortiz,PF,25,UTA,51,15,327,6,8.1,0.477,0.008,0.416,11,8.8,9.8,5.3,1.2,1.3,19.6,23.8,-0.5,0.5,-0.1,-0.01,-5.3,-1.2,-6.5,-0.4,55,125,0.44,0,1,0,55,124,0.444,0.44,31,52,0.596,30,28,58,11,8,7,36,40,141
2936,1989,Robert Parish,C,35,BOS,80,80,2840,36,21.6,0.607,0,0.391,14,26.1,20.1,9.1,1.4,2.4,14,20.9,6.9,3.6,10.5,0.177,3,1.2,4.2,4.5,596,1045,0.57,0,0,0,596,1045,0.57,0.57,294,409,0.719,342,654,996,175,79,116,200,209,1486
2937,1989,Jim Paxson,PG,31,BOS,57,7,1138,20,11.5,0.502,0.054,0.231,1.8,5.6,3.7,13.2,1.6,0.4,10.4,20,0.7,0.5,1.3,0.053,-1.6,-2.4,-4,-0.6,202,445,0.454,4,24,0.167,198,421,0.47,0.458,84,103,0.816,18,56,74,107,38,8,57,96,492
2938,1989,John Paxson,PG,28,CHI,78,20,1738,22,12,0.536,0.259,0.07,0.9,5.2,3.1,24.3,1.5,0.2,11.8,14.8,2.3,1,3.3,0.091,-0.6,-2.9,-3.4,-0.6,246,513,0.48,44,133,0.331,202,380,0.532,0.522,31,36,0.861,13,81,94,308,53,6,71,162,567
2939,1989,Will Perdue,C,23,CHI,30,0,190,6,7.2,0.422,0,0.194,11.3,15.9,13.7,8.1,1,1.9,16.1,21,-0.3,0.2,-0.1,-0.021,-5.9,-1.4,-7.2,-0.3,29,72,0.403,0,0,0,29,72,0.403,0.403,8,14,0.571,18,27,45,11,4,6,15,38,66
2940,1989,Sam Perkins,PF,27,DAL,78,77,2860,37,15.3,0.53,0.04,0.343,9.2,17.3,13.3,6.7,1.3,1.9,11.3,18.8,3.3,3.1,6.4,0.108,-0.2,0.8,0.5,1.8,445,959,0.464,7,38,0.184,438,921,0.476,0.468,274,329,0.833,235,453,688,127,76,92,141,224,1171
2941,1989,Tim Perry,C,23,PHO,62,15,614,10,14.4,0.56,0.02,0.323,11,11.8,11.4,3.8,1.4,2.9,13.9,17.2,0.6,0.8,1.4,0.109,-1,0.4,-0.6,0.2,108,201,0.537,1,4,0.25,107,197,0.543,0.54,40,65,0.615,61,71,132,18,19,32,37,47,257
2942,1989,Chuck Person,SF,24,IND,80,79,3012,38,15.2,0.544,0.141,0.211,5.6,13,9.5,15.6,1.3,0.3,16.2,26.3,1.4,1.7,3,0.048,0.9,-1,-0.1,1.5,711,1453,0.489,63,205,0.307,648,1248,0.519,0.511,243,307,0.792,144,372,516,289,83,18,308,280,1728
2943,1989,Jim Petersen,C,26,SAC,66,40,1633,25,11.4,0.498,0.013,0.254,7.8,19.5,13.6,7.3,1.4,2.4,17.9,20.6,-1.1,1.8,0.6,0.019,-4,0.6,-3.4,-0.6,278,606,0.459,0,8,0,278,598,0.465,0.459,115,154,0.747,121,292,413,81,47,68,147,236,671
2944,1989,Ricky Pierce,SG,29,MIL,75,4,2078,28,18.6,0.573,0.035,0.292,4.5,6.5,5.5,12.4,1.8,0.6,8.9,25.2,5,1.7,6.7,0.155,2.5,-1.6,0.8,1.5,527,1018,0.518,8,36,0.222,519,982,0.529,0.522,255,297,0.859,82,115,197,156,77,19,112,193,1317
2945,1989,Ed Pinckney,PF,25,TOT,80,33,2012,25,17.2,0.591,0.01,0.563,9,15.5,12.3,8.3,2,1.9,13.3,18.3,4,2.1,6.1,0.145,0.6,0.8,1.5,1.8,319,622,0.513,0,6,0,319,616,0.518,0.513,280,350,0.8,166,283,449,118,83,66,119,202,918
2948,1989,Scottie Pippen,SF,23,CHI,73,56,2413,33,14.9,0.524,0.089,0.347,6.8,14.3,10.7,15.1,2.9,1.5,16.6,21.3,0.7,3.3,4,0.08,-0.4,1.9,1.4,2.1,413,867,0.476,21,77,0.273,392,790,0.496,0.488,201,301,0.668,138,307,445,256,139,61,199,261,1048
2949,1989,Olden Polynice,C,24,SEA,80,0,835,10,10.3,0.535,0.011,0.478,12.7,14.9,13.8,3.2,2.1,2.2,17.4,12.6,0.6,0.9,1.5,0.086,-1.7,0.4,-1.2,0.2,91,180,0.506,0,2,0,91,178,0.511,0.506,51,86,0.593,98,108,206,21,37,30,46,164,233
2950,1989,Dave Popson,PF,24,TOT,17,0,106,6,6.4,0.407,0,0.1,12.2,15.5,13.9,10.6,0.4,1.6,19.3,19.5,-0.2,0.1,-0.1,-0.065,-6,-1.8,-7.8,-0.2,16,40,0.4,0,0,0,16,40,0.4,0.4,2,4,0.5,12,15,27,8,1,3,10,17,34
2953,1989,Terry Porter,PG,25,POR,81,81,3102,38,17.7,0.555,0.191,0.283,2.9,10.2,6.4,32.8,2.2,0.2,16.1,19.1,6.5,2.6,9.2,0.142,2.8,-0.6,2.2,3.3,540,1146,0.471,79,219,0.361,461,927,0.497,0.506,272,324,0.84,85,282,367,770,146,8,248,187,1431
2954,1989,Paul Pressey,SG,30,MIL,67,62,2170,32,15,0.539,0.085,0.372,3.8,10.2,7,28.1,2.7,1.3,19.6,17.9,2.1,2.7,4.8,0.105,0.7,1.4,2.2,2.3,307,648,0.474,12,55,0.218,295,593,0.497,0.483,187,241,0.776,73,189,262,439,119,44,184,221,813
2955,1989,Dominic Pressley,PG,24,TOT,13,0,124,10,5.3,0.329,0.065,0.29,2.5,11,6.6,25.8,1.5,0,23.9,15,-0.3,0.1,-0.2,-0.069,-6.8,-1.4,-8.2,-0.2,9,31,0.29,0,2,0,9,29,0.31,0.29,5,9,0.556,3,12,15,26,4,0,11,11,23
2958,1989,Harold Pressley,PF,25,SAC,80,36,2257,28,15.7,0.529,0.338,0.141,10.1,13,11.5,11.3,2,1.9,11.8,19.1,2.7,2.1,4.8,0.102,1.9,0.8,2.7,2.7,383,873,0.439,119,295,0.403,264,578,0.457,0.507,96,123,0.78,216,269,485,174,93,76,124,215,981
2959,1989,Mark Price,PG,24,CLE,75,74,2728,36,20.6,0.623,0.21,0.29,2.1,7,4.7,33.8,2.1,0.1,15.7,21,8,3.3,11.3,0.199,4.6,-1.1,3.5,3.8,529,1006,0.526,93,211,0.441,436,795,0.548,0.572,263,292,0.901,48,178,226,631,115,7,212,98,1414
2960,1989,Kurt Rambis,PF,30,CHH,75,75,2233,30,16.1,0.565,0.005,0.396,12.7,22.7,17.4,9.9,2.1,1.5,16.7,16.2,2.6,2.3,4.8,0.104,0.4,2.4,2.8,2.7,325,627,0.518,0,3,0,325,624,0.521,0.518,182,248,0.734,269,434,703,159,100,57,148,208,832
2961,1989,Blair Rasmussen,C,26,DEN,77,22,1308,17,11.6,0.476,0,0.14,7.8,15.2,11.3,4.9,1,1.8,7.4,19.4,0.4,1.3,1.8,0.065,-3.2,-1.5,-4.7,-0.9,257,577,0.445,0,0,0,257,577,0.445,0.445,69,81,0.852,105,182,287,49,29,41,49,194,583
2962,1989,Robert Reid,SF,33,CHH,82,54,2152,26,12.2,0.464,0.043,0.161,4,11.9,7.8,11.4,1.2,0.5,7.5,26.8,-0.8,0.7,-0.1,-0.002,-2,-2.2,-4.2,-1.2,519,1214,0.428,17,52,0.327,502,1162,0.432,0.435,152,196,0.776,82,220,302,153,53,20,106,235,1207
2963,1989,Jerry Reynolds,SG,26,SEA,56,0,737,13,17.6,0.497,0.042,0.468,7.2,8,7.6,12,3.4,2.1,11.7,26.4,0.8,0.8,1.6,0.107,-0.4,-0.4,-0.8,0.2,149,357,0.417,3,15,0.2,146,342,0.427,0.422,127,167,0.76,49,51,100,62,53,26,57,58,428
2964,1989,Mitch Richmond,SG,23,GSW,79,79,2717,34,17.2,0.541,0.065,0.365,5.8,11.4,8.6,17.6,1.4,0.3,14.3,26.2,3.6,1.9,5.6,0.098,1.3,-1.5,-0.2,1.3,649,1386,0.468,33,90,0.367,616,1296,0.475,0.48,410,506,0.81,158,310,468,334,82,13,269,223,1741
2965,1989,Ramon Rivas,C,22,BOS,28,0,91,3,9.3,0.476,0.032,0.806,11.5,18.7,15.1,4.3,2.2,0.6,17.6,23.3,-0.1,0.1,0,0.019,-4.6,-2.5,-7.1,-0.1,12,31,0.387,0,1,0,12,30,0.4,0.387,16,25,0.64,9,15,24,3,4,1,9,21,40
2966,1989,David Rivers,PG,24,LAL,47,0,440,9,9.8,0.477,0.049,0.344,3.5,7.1,5.4,30.4,2.5,1.2,30.3,18.9,-0.5,0.5,0,0.002,-4.4,-1,-5.4,-0.4,49,122,0.402,1,6,0.167,48,116,0.414,0.406,35,42,0.833,13,30,43,106,23,9,61,50,134
2967,1989,Doc Rivers,PG,27,ATL,76,76,2462,32,18.4,0.548,0.152,0.352,3.9,8.9,6.3,30,3.6,1,14.4,18.2,5.4,3.2,8.5,0.167,3.5,1.4,4.9,4.3,371,816,0.455,43,124,0.347,328,692,0.474,0.481,247,287,0.861,89,197,286,525,181,40,158,263,1032
2968,1989,Fred Roberts,PF,28,MIL,71,3,1251,18,10.6,0.555,0.044,0.404,6.2,13.2,9.7,7.2,1.4,1.1,17.6,15.1,0.7,1.3,2,0.077,-2.1,0.4,-1.7,0.1,155,319,0.486,3,14,0.214,152,305,0.498,0.491,104,129,0.806,68,141,209,66,36,23,80,126,417
2969,1989,Alvin Robertson,SG,26,SAS,65,65,2287,35,17.2,0.523,0.047,0.263,7.2,11.4,9.2,25.5,4,0.9,17.7,22.2,1.3,3.1,4.4,0.093,1.7,2.1,3.8,3.3,465,962,0.483,9,45,0.2,456,917,0.497,0.488,183,253,0.723,157,227,384,393,197,36,231,259,1122
2970,1989,Cliff Robinson,SF,28,PHI,14,13,416,30,14.1,0.514,0.005,0.235,5.1,15.2,10.1,11.5,2,0.3,14.1,24,0,0.3,0.3,0.033,-1.3,-1,-2.3,0,90,187,0.481,0,1,0,90,186,0.484,0.481,32,44,0.727,19,56,75,32,17,2,34,37,212
2971,1989,Dennis Rodman,SF,27,DET,82,8,2208,27,16.3,0.613,0.049,0.292,17.6,21.7,19.8,6.3,1.3,2.1,17.4,14.1,4.1,3.9,8.1,0.175,2.1,2.6,4.7,3.8,316,531,0.595,6,26,0.231,310,505,0.614,0.601,97,155,0.626,327,445,772,99,55,76,126,292,735
2972,1989,Tree Rollins,C,33,CLE,60,2,583,10,8.8,0.465,0.007,0.138,7.8,18.6,13.4,4.2,0.9,3.8,13.1,12.3,-0.1,1,1,0.08,-4.7,1.8,-3,-0.1,62,138,0.449,0,1,0,62,137,0.453,0.449,12,19,0.632,38,101,139,19,11,38,22,89,136
2973,1989,Rob Rose,SG,24,LAC,2,0,3,2,5,0,0,0,35.7,35.5,35.6,0,0,0,0,13.1,0,0,0,-0.121,-11.4,-9.3,-20.8,0,0,1,0,0,0,0,0,1,0,0,0,0,0,1,1,2,0,0,0,0,0,0
2974,1989,Scott Roth,SF,25,TOT,63,3,536,9,7.7,0.441,0.096,0.521,3.9,9.3,6.6,13.5,2.1,0.6,16.3,18,-0.4,0.5,0.1,0.005,-4.7,-1.1,-5.7,-0.5,59,167,0.353,3,16,0.188,56,151,0.371,0.362,60,87,0.69,20,44,64,55,24,5,40,69,181
2977,1989,Jim Rowinski,PF-C,28,TOT,9,0,15,2,17.9,0.527,0,1.5,7.4,29.4,18.7,0,0,0,0,18.7,0,0,0.1,0.205,-4.6,-7.4,-12,0,1,4,0.25,0,0,0,1,4,0.25,0.25,5,6,0.833,1,4,5,0,0,0,0,0,7
2980,1989,Brian Rowsom,PF,23,CHH,34,0,517,15,15.7,0.572,0.006,0.5,11.4,18.3,14.7,6.5,0.9,1.4,8.3,17.1,1.2,0.3,1.5,0.135,0.1,-0.9,-0.8,0.2,80,162,0.494,1,1,1,79,161,0.491,0.497,65,81,0.802,56,81,137,24,10,12,18,69,226
2981,1989,John Salley,PF,24,DET,67,21,1458,22,12.4,0.558,0.006,0.586,10.9,14.9,13,6.9,1.4,3,19.3,15.2,1.1,2.3,3.5,0.115,-0.9,2.9,2,1.5,166,333,0.498,0,2,0,166,331,0.502,0.498,135,195,0.692,134,201,335,75,40,72,100,197,467
2982,1989,Ralph Sampson,C,28,GSW,61,36,1086,18,11.4,0.483,0.022,0.26,9.7,18.5,14.1,9,1.3,3.3,18.1,17.3,-0.3,1.4,1.1,0.048,-3.4,1.1,-2.4,-0.1,164,365,0.449,3,8,0.375,161,357,0.451,0.453,62,95,0.653,105,202,307,77,31,65,90,170,393
2983,1989,Mike Sanders,SF,28,CLE,82,82,2102,26,10.5,0.482,0.014,0.184,5.6,10.6,8.2,8.8,2.1,0.9,11.6,18.1,0,3.1,3.1,0.071,-2.5,1,-1.5,0.3,332,733,0.453,3,10,0.3,329,723,0.455,0.455,97,135,0.719,98,209,307,133,89,32,104,230,764
2984,1989,Danny Schayes,C,29,DEN,76,64,1918,25,15.4,0.618,0.015,0.662,7.2,20.3,13.4,6.9,1,2.4,17,18.8,3.2,2.4,5.6,0.141,-0.9,0.3,-0.6,0.7,317,607,0.522,3,9,0.333,314,598,0.525,0.525,332,402,0.826,142,358,500,105,42,81,160,320,969
2985,1989,Russ Schoene,PF,28,SEA,69,1,774,11,12.1,0.479,0.315,0.163,8.1,16,11.9,6.4,2.3,1.9,11.4,21.7,0.4,0.9,1.3,0.078,-1.1,-1.1,-2.3,-0.1,135,349,0.387,42,110,0.382,93,239,0.389,0.447,46,57,0.807,58,107,165,36,37,24,48,136,358
2986,1989,Detlef Schrempf,PF,26,TOT,69,13,1850,27,15.3,0.566,0.061,0.606,7.8,15.5,11.8,14,1.4,0.6,15.4,19.9,2.9,1.5,4.4,0.113,0.6,-0.1,0.6,1.2,274,578,0.474,7,35,0.2,267,543,0.492,0.48,273,350,0.78,126,269,395,179,53,19,133,220,828
2989,1989,Byron Scott,SG,27,LAL,74,73,2605,35,16.6,0.558,0.161,0.189,3.3,9.2,6.5,13.1,2.1,0.6,10.8,23.1,4.1,2.6,6.8,0.125,1.8,-0.5,1.3,2.2,588,1198,0.491,77,193,0.399,511,1005,0.508,0.523,195,226,0.863,72,230,302,231,114,27,157,181,1448
2990,1989,Rony Seikaly,C,23,MIA,78,62,1962,25,10.8,0.471,0.005,0.476,11.2,20.5,15.7,4.4,1.1,3,18.2,22.8,-2.7,2.2,-0.5,-0.012,-5.2,-0.6,-5.7,-1.8,333,744,0.448,1,4,0.25,332,740,0.449,0.448,181,354,0.511,204,345,549,55,46,96,200,258,848
2991,1989,Brad Sellers,PF,26,CHI,80,25,1732,22,10.6,0.529,0.013,0.212,5.9,9.2,7.6,7.7,1,2.4,12.2,14.7,1.3,1.4,2.6,0.073,-2.3,0.2,-2.1,0,231,476,0.485,3,6,0.5,228,470,0.485,0.488,86,101,0.851,85,142,227,99,35,69,72,176,551
2992,1989,Charles Shackleford,C,22,NJN,60,0,484,8,13.9,0.501,0.006,0.25,11.1,24.4,17.6,6.5,1.5,2.2,12.6,18.1,0.2,0.6,0.8,0.076,-3,0.1,-3,-0.1,83,168,0.494,0,1,0,83,167,0.497,0.494,21,42,0.5,50,103,153,21,15,18,27,71,187
2993,1989,John Shasky,C,24,MIA,65,4,944,15,12.7,0.555,0.008,0.673,11,16.8,13.8,3.4,0.7,0.8,12.5,15.8,1.2,0.7,1.9,0.097,-2.4,-2.1,-4.5,-0.6,121,248,0.488,0,2,0,121,246,0.492,0.488,115,167,0.689,96,136,232,22,14,13,46,94,357
2994,1989,Brian Shaw,SG,22,BOS,82,54,2301,28,12.2,0.472,0.019,0.192,6,12.7,9.4,27,1.7,0.7,20.2,16.8,0.5,1.7,2.2,0.046,-0.8,0.4,-0.4,0.9,297,686,0.433,0,13,0,297,673,0.441,0.433,109,132,0.826,119,257,376,472,78,27,188,211,703
2995,1989,Purvis Short,SF,31,HOU,65,16,1157,18,11.4,0.464,0.069,0.185,6.1,10.6,8.4,13.4,1.8,0.7,11.9,20.5,0,1.4,1.4,0.058,-2.1,-0.3,-2.5,-0.1,198,480,0.413,9,33,0.273,189,447,0.423,0.422,77,89,0.865,65,114,179,107,44,13,70,116,482
2996,1989,Jerry Sichting,PG,32,POR,25,1,390,16,8.8,0.474,0.115,0.077,2.4,5.8,4,18.6,1.8,0,18.9,13.1,0,0.2,0.2,0.03,-3.3,-1.7,-5,-0.3,46,104,0.442,3,12,0.25,43,92,0.467,0.457,7,8,0.875,9,20,29,59,15,0,25,17,102
2997,1989,Jack Sikma,C,33,MIL,80,80,2587,32,15.8,0.554,0.259,0.352,6.2,21.9,13.9,15.5,1.6,1.5,13.1,17.8,4.5,3.7,8.1,0.151,1.7,2,3.6,3.7,360,835,0.431,82,216,0.38,278,619,0.449,0.48,266,294,0.905,141,482,623,289,85,61,145,300,1068
2998,1989,Scott Skiles,PG,24,IND,80,13,1571,20,12.5,0.54,0.17,0.326,1.6,8.5,5.3,34.2,2,0.1,25.9,18.2,0.5,0.8,1.3,0.04,-1.5,-2.2,-3.7,-0.7,198,442,0.448,20,75,0.267,178,367,0.485,0.471,130,144,0.903,21,128,149,390,64,2,177,151,546
2999,1989,Keith Smart,PG,24,SAS,2,0,12,6,0,0.347,0.5,1,0,9.6,4.6,19,0,0,41,15.8,0,0,0,-0.175,-10.7,-3.8,-14.5,0,0,2,0,0,1,0,0,1,0,0,2,2,1,0,1,1,2,0,0,2,0,2
3000,1989,Charles Smith,PF,23,LAC,71,56,2161,30,15.6,0.55,0.003,0.448,8.6,14.4,11.5,6.9,1.4,2.3,12.2,21.8,2.4,1.6,4,0.089,-0.5,-0.7,-1.2,0.4,435,878,0.495,0,3,0,435,875,0.497,0.495,285,393,0.725,173,292,465,103,68,89,146,273,1155
3001,1989,Derek Smith,SG,27,TOT,65,38,1295,20,11.7,0.491,0.063,0.379,5.1,9.1,7.1,14.1,1.6,1,13.2,21.2,0.2,0.7,0.9,0.033,-1.6,-1.2,-2.8,-0.3,216,496,0.435,7,31,0.226,209,465,0.449,0.443,129,188,0.686,61,106,167,128,43,23,88,164,568
3004,1989,Kenny Smith,PG,23,SAC,81,81,3145,39,14.3,0.523,0.108,0.302,1.6,6.1,3.9,29.2,1.5,0.1,15.7,20.7,2.8,1.3,4.1,0.062,0.3,-2,-1.7,0.2,547,1183,0.462,46,128,0.359,501,1055,0.475,0.482,263,357,0.737,49,177,226,621,102,7,249,173,1403
3005,1989,Larry Smith,PF,31,GSW,80,78,1897,24,11.9,0.54,0,0.146,14.4,19.9,17.2,7.6,1.4,1.6,20.7,10.6,1.4,2.3,3.7,0.094,-1,1.6,0.6,1.2,219,397,0.552,0,0,0,219,397,0.552,0.552,18,58,0.31,272,380,652,118,61,54,110,248,456
3006,1989,Otis Smith,SG,25,GSW,80,5,1597,20,14.8,0.495,0.052,0.305,8.1,12.6,10.3,11.8,2.5,1.4,13.7,22.3,0.7,1.8,2.5,0.074,-1.3,-0.1,-1.4,0.2,311,715,0.435,7,37,0.189,304,678,0.448,0.44,174,218,0.798,128,202,330,140,88,40,129,165,803
3007,1989,Rik Smits,C,22,IND,82,71,2041,25,15.6,0.557,0.001,0.342,10.7,16.2,13.6,5.2,0.9,4.3,13.2,20.3,2.4,1.9,4.3,0.101,-0.8,0.4,-0.4,0.8,386,746,0.517,0,1,0,386,745,0.518,0.517,184,255,0.722,185,315,500,70,37,151,130,310,956
3008,1989,Mike Smrek,PF,26,SAS,43,18,623,14,9,0.518,0,0.497,7.1,16.1,11.4,2.5,1,5.6,20.5,14.6,-0.3,0.7,0.4,0.031,-5.7,1.1,-4.6,-0.4,72,153,0.471,0,0,0,72,153,0.471,0.471,49,76,0.645,42,87,129,12,13,58,48,102,193
3009,1989,Rory Sparrow,PG,30,MIA,80,79,2613,33,11.7,0.486,0.075,0.109,2.3,7.2,4.6,25.6,1.9,0.4,16.5,19.2,0,1.6,1.6,0.029,-1.6,-1.3,-2.9,-0.6,444,982,0.452,18,74,0.243,426,908,0.469,0.461,94,107,0.879,55,161,216,429,103,17,204,168,1000
3010,1989,John Starks,SG,23,GSW,36,0,316,9,10.3,0.494,0.208,0.416,4.8,8.2,6.5,11,3.3,0.5,20.9,22.4,-0.4,0.3,0,-0.002,-3.5,-1,-4.5,-0.2,51,125,0.408,10,26,0.385,41,99,0.414,0.448,34,52,0.654,15,26,41,27,23,3,39,36,146
3011,1989,Everette Stephens,PG,22,IND,35,0,209,6,6.4,0.398,0.139,0.306,6.2,6,6.1,23.8,2.1,1.1,26.2,22.2,-0.6,0.1,-0.4,-0.103,-5.8,-1.5,-7.3,-0.3,23,72,0.319,2,10,0.2,21,62,0.339,0.333,17,22,0.773,11,12,23,37,9,4,29,22,65
3012,1989,Brook Steppe,PG,29,POR,27,2,244,9,12,0.546,0.115,0.474,5.6,8.7,7.1,8.2,2.1,0.2,12.1,16.9,0.4,0.2,0.6,0.113,-1.2,-1.5,-2.7,0,33,78,0.423,5,9,0.556,28,69,0.406,0.455,32,37,0.865,13,19,32,16,11,1,13,32,103
3013,1989,John Stockton,PG,26,UTA,82,82,3171,39,22.9,0.624,0.072,0.49,3.1,5.4,4.3,54.3,4.1,0.3,21.5,19.1,9.8,5.8,15.6,0.236,5,-0.2,4.8,5.5,497,923,0.538,16,66,0.242,481,857,0.561,0.547,390,452,0.863,83,165,248,1118,263,14,308,241,1400
3014,1989,Rod Strickland,PG,22,NYK,81,10,1358,17,18,0.539,0.104,0.407,4.1,9.1,6.5,31.8,3.3,0.1,18.1,23.3,2.2,1.5,3.7,0.131,1.2,-0.7,0.5,0.9,265,567,0.467,19,59,0.322,246,508,0.484,0.484,172,231,0.745,51,109,160,319,98,3,148,142,721
3015,1989,John Stroeder,PF,30,TOT,5,0,22,4,13.2,0.4,0,0,22.8,40.7,31.8,16.3,0,5,37.5,13.8,0,0,0,0.037,-5.4,3.4,-2,0,2,5,0.4,0,0,0,2,5,0.4,0.4,0,0,0,5,9,14,3,0,2,3,3,4
3018,1989,Barry Sumpter,PF,23,LAC,1,0,1,1,-30.2,0,0,0,0,0,0,0,0,0,0,39.4,0,0,0,-0.894,-31.1,-12.4,-43.5,0,0,1,0,0,0,0,0,1,0,0,0,0,0,0,0,0,0,0,0,0,0,0
3019,1989,Jon Sundvold,SG,27,MIA,68,8,1338,20,12.6,0.506,0.136,0.084,1.5,6,3.7,17.6,1,0,11.1,23.9,0.6,0.4,1,0.037,-1.2,-3.9,-5.1,-1.1,307,675,0.455,48,92,0.522,259,583,0.444,0.49,47,57,0.825,18,69,87,137,27,1,87,78,709
3020,1989,Roy Tarpley,PF,24,DAL,19,6,591,31,22.2,0.577,0.004,0.397,14.5,26,20.3,4.8,2.4,3,13.7,24.1,1,1.1,2,0.166,0.4,0.5,0.9,0.4,131,242,0.541,0,1,0,131,241,0.544,0.541,66,96,0.688,77,141,218,17,28,30,45,70,328
3021,1989,Anthony Taylor,PG,23,MIA,21,7,368,18,11.1,0.436,0.013,0.212,3.2,7.3,5.2,18,2.9,0.8,10.8,20.4,-0.1,0.3,0.2,0.029,-3.1,-0.7,-3.8,-0.2,60,151,0.397,0,2,0,60,149,0.403,0.397,24,32,0.75,11,23,34,43,22,5,20,37,144
3022,1989,Terry Teagle,SF,28,GSW,66,41,1569,24,16.7,0.523,0.014,0.262,7,9.7,8.4,9,2.3,0.6,10.8,25.9,1.7,1.4,3.1,0.095,-0.3,-1.9,-2.2,-0.1,409,859,0.476,2,12,0.167,407,847,0.481,0.477,182,225,0.809,110,153,263,96,79,17,116,173,1002
3023,1989,Reggie Theus,SG,31,ATL,82,82,2517,31,16.1,0.534,0.054,0.314,3.7,6.9,5.2,23.2,2.1,0.4,13.8,22.8,3.9,2,5.9,0.113,1.7,-0.9,0.8,1.8,497,1067,0.466,17,58,0.293,480,1009,0.476,0.474,285,335,0.851,86,156,242,387,108,16,194,236,1296
3024,1989,Isiah Thomas,PG,27,DET,80,76,2924,37,17.1,0.528,0.099,0.286,2,8.3,5.3,34.3,2.3,0.4,17.7,24.6,3.1,3.9,7,0.115,1.7,0.5,2.2,3.1,569,1227,0.464,33,121,0.273,536,1106,0.485,0.477,287,351,0.818,49,224,273,663,133,20,298,209,1458
3025,1989,Bernard Thompson,PF,26,HOU,23,0,222,10,5.5,0.44,0.034,0.441,4.4,9.2,6.8,7.6,2.8,0.3,21.2,16.2,-0.3,0.3,0,0,-5.5,0.6,-4.9,-0.2,20,59,0.339,0,2,0,20,57,0.351,0.339,22,26,0.846,9,19,28,13,13,1,19,33,62
3026,1989,Billy Thompson,SF,25,MIA,79,58,2273,29,13.4,0.524,0.006,0.313,11.5,17,14.1,11.8,1.2,2.8,18.8,17.9,0.6,2.3,2.8,0.06,-1.3,1.6,0.3,1.3,349,716,0.487,0,4,0,349,712,0.49,0.487,156,224,0.696,241,331,572,176,56,105,189,260,854
3027,1989,LaSalle Thompson,C,27,TOT,76,71,2329,31,15.6,0.544,0.001,0.331,10.7,22.7,16.8,5.2,1.6,2.3,15.5,20.4,1.5,2.9,4.4,0.09,-1.7,0.5,-1.2,0.4,416,850,0.489,0,1,0,416,849,0.49,0.489,227,281,0.808,224,494,718,81,79,94,179,285,1059
3030,1989,Mychal Thompson,C,34,LAL,80,8,1994,25,13.3,0.593,0.002,0.441,9.4,16.2,13.1,3.2,1.4,1.7,13.5,14.9,2.8,2.4,5.2,0.126,-0.5,0.1,-0.3,0.8,291,521,0.559,0,1,0,291,520,0.56,0.559,156,230,0.678,157,310,467,48,58,59,97,224,738
3031,1989,Bob Thornton,PF,26,PHI,54,0,449,8,6.4,0.462,0.027,0.541,8.9,14.1,11.5,4.3,0.9,0.9,14.3,14.8,-0.1,0.2,0.1,0.01,-3.6,-1.7,-5.3,-0.4,47,111,0.423,1,3,0.333,46,108,0.426,0.428,32,60,0.533,36,56,92,15,8,7,23,87,127
3032,1989,Otis Thorpe,PF,26,HOU,82,82,3135,38,15.4,0.591,0.002,0.468,9.5,17.6,13.6,9.3,1.2,0.7,16.3,17.7,4.6,4.1,8.7,0.133,1,1.2,2.2,3.3,521,961,0.542,0,2,0,521,959,0.543,0.542,328,450,0.729,272,515,787,202,82,37,225,259,1370
3033,1989,Sedale Threatt,PG,27,SEA,63,0,1220,19,16.3,0.533,0.063,0.162,2.8,8.1,5.4,27.5,3.3,0.2,13.1,19.2,2.3,1.2,3.4,0.135,1.4,-0.8,0.6,0.8,235,476,0.494,11,30,0.367,224,446,0.502,0.505,63,77,0.818,31,86,117,238,83,4,77,155,544
3034,1989,Wayman Tisdale,PF,24,TOT,79,35,2434,31,17.5,0.568,0.004,0.396,8.6,18.6,13.7,8.3,1.1,1.2,12.4,23.7,3.9,2,5.9,0.117,0.3,-0.9,-0.6,0.8,532,1036,0.514,0,4,0,532,1032,0.516,0.514,317,410,0.773,187,422,609,128,55,52,172,290,1381
3037,1989,Ray Tolbert,PF,30,ATL,50,0,341,7,8.3,0.467,0,0.394,9.7,18.5,14.1,6.3,1.9,2.3,24.1,17.3,-0.4,0.5,0,0.005,-4.9,0.9,-4,-0.2,40,94,0.426,0,0,0,40,94,0.426,0.426,23,37,0.622,31,57,88,16,13,13,35,55,103
3038,1989,Tom Tolbert,SF,23,CHH,14,0,117,8,10,0.473,0.081,0.324,6.3,14,9.9,8.3,0.8,2,4.5,15.5,0.1,0.1,0.1,0.051,-2.6,-0.8,-3.4,0,17,37,0.459,0,3,0,17,34,0.5,0.459,6,12,0.5,7,14,21,7,2,4,2,20,40
3039,1989,Sedric Toney,PG,26,IND,2,0,9,5,-14.9,0.184,0.6,0.2,13.1,11.7,12.3,0,0,0,26.9,34.6,-0.1,0,-0.1,-0.586,-18.6,-10.2,-28.8,-0.1,1,5,0.2,0,3,0,1,2,0.5,0.2,0,1,0,1,1,2,0,0,0,2,1,2
3040,1989,Kelly Tripucka,SF,29,CHH,71,65,2302,32,17.7,0.558,0.069,0.418,3.6,9.5,6.4,15.7,1.8,0.4,14.1,29.8,2.4,0.9,3.3,0.069,1.7,-1.7,0.1,1.2,568,1215,0.467,30,84,0.357,538,1131,0.476,0.48,440,508,0.866,79,188,267,224,88,16,236,196,1606
3041,1989,Trent Tucker,SG,29,NYK,81,24,1824,23,12.1,0.569,0.511,0.095,3.3,7.6,5.4,9.2,2.2,0.2,8.9,14.1,3.2,1.5,4.6,0.122,1.7,-0.6,1.1,1.4,263,579,0.454,118,296,0.399,145,283,0.512,0.556,43,55,0.782,55,121,176,132,88,6,59,163,687
3042,1989,Andre Turner,PG,24,MIL,4,0,13,3,3.6,0.5,0,0,0,27.1,13.3,0,7.5,0,40,31.9,-0.1,0,-0.1,-0.257,-16.2,0,-16.2,0,3,6,0.5,0,0,0,3,6,0.5,0.5,0,0,0,0,3,3,0,2,0,4,2,6
3043,1989,Elston Turner,SF,29,DEN,78,12,1746,22,7.8,0.446,0.02,0.159,6.1,11.1,8.5,9.5,2.3,0.3,13.7,9.6,0.2,1.9,2.1,0.056,-2.6,1.6,-1,0.4,151,353,0.428,2,7,0.286,149,346,0.431,0.431,33,56,0.589,109,178,287,144,90,8,60,209,337
3044,1989,Terry Tyler,SF,32,DAL,70,11,1057,15,12.3,0.498,0.025,0.172,7.8,13.9,10.9,5.7,1.1,2.2,11.6,17.9,0.2,1,1.2,0.055,-2.9,-0.5,-3.4,-0.4,169,360,0.469,1,9,0.111,168,351,0.479,0.471,47,62,0.758,74,135,209,40,24,39,51,90,386
3045,1989,Kelvin Upshaw,SG,26,TOT,32,0,617,19,10.3,0.49,0.071,0.123,1.8,7.2,4.5,26.5,2.1,0.3,19.8,18.6,-0.1,0.4,0.3,0.021,-2.3,-2,-4.4,-0.4,99,212,0.467,3,15,0.2,96,197,0.487,0.474,18,26,0.692,10,39,49,117,26,3,55,80,219
3048,1989,Darnell Valentine,SG,29,CLE,77,4,1086,14,11.5,0.497,0.044,0.351,2.4,8,5.3,21.3,2.6,0.4,18.4,17.7,0.1,1.5,1.7,0.074,-2.9,0,-2.8,-0.2,136,319,0.426,3,14,0.214,133,305,0.436,0.431,91,112,0.813,22,81,103,174,57,7,83,88,366
3049,1989,Kiki Vandeweghe,PF,30,TOT,45,1,934,21,13.7,0.536,0.113,0.209,3,5.4,4.2,10.3,0.9,0.7,8.1,20.9,1.6,0.4,2,0.105,-0.4,-3,-3.4,-0.3,200,426,0.469,19,48,0.396,181,378,0.479,0.492,80,89,0.899,26,45,71,69,19,11,41,78,499
3052,1989,Jay Vincent,SF,29,TOT,29,4,646,22,7,0.439,0.012,0.233,6.2,12.7,9.3,5.7,0.4,0.4,12.9,19.5,-0.6,0.3,-0.3,-0.024,-5.3,-2.7,-8.1,-1,104,257,0.405,1,3,0.333,103,254,0.406,0.407,40,60,0.667,38,72,110,27,6,4,42,63,249
3055,1989,Sam Vincent,PG,25,CHI,70,56,1703,24,13.6,0.527,0.03,0.228,2.4,10.3,6.4,27.7,1.5,0.4,18.6,19.3,1,1.3,2.3,0.065,-1.6,-1.4,-3,-0.4,274,566,0.484,2,17,0.118,272,549,0.495,0.486,106,129,0.822,34,156,190,335,53,10,142,124,656
3056,1989,Darrell Walker,PG,27,WSB,79,78,2565,32,13.4,0.469,0.013,0.27,5.5,16.5,10.8,25,2.9,0.5,19.5,14.8,0.5,3.3,3.7,0.07,-0.9,2.7,1.9,2.5,286,681,0.42,0,9,0,286,672,0.426,0.42,142,184,0.772,135,372,507,496,155,23,184,215,714
3057,1989,Kenny Walker,SF,24,NYK,79,2,1163,15,11.8,0.533,0.056,0.239,9.4,12.6,11,3.9,1.6,2.2,10.1,14.6,1.5,1.2,2.7,0.112,-1.3,0,-1.3,0.2,174,356,0.489,5,20,0.25,169,336,0.503,0.496,66,85,0.776,101,129,230,36,41,45,44,190,419
3058,1989,Pearl Washington,PG,25,MIA,54,8,1065,20,13,0.475,0.036,0.269,5,8.1,6.5,32.3,3.3,0.2,22,21.2,-0.6,1,0.5,0.021,-1.9,-0.4,-2.4,-0.1,164,387,0.424,1,14,0.071,163,373,0.437,0.425,82,104,0.788,49,74,123,226,73,4,122,101,411
3059,1989,Spud Webb,PG,25,ATL,81,6,1219,15,13,0.504,0.076,0.207,1.8,9.3,5.5,31,2.8,0.3,20.8,13.3,0.9,1.3,2.2,0.088,-1.2,-0.6,-1.7,0.1,133,290,0.459,1,22,0.045,132,268,0.493,0.46,52,60,0.867,21,102,123,284,70,6,83,104,319
3060,1989,Chris Welp,C,25,PHI,72,0,843,12,8.7,0.484,0.005,0.329,7.8,17.9,12.8,4.5,1.3,2.8,14.2,14.6,0,0.7,0.7,0.042,-3.5,0.2,-3.3,-0.3,99,222,0.446,0,1,0,99,221,0.448,0.446,48,73,0.658,59,134,193,29,23,41,42,176,246
3061,1989,Bill Wennington,C,25,DAL,65,9,1074,17,8.8,0.482,0.033,0.298,8.5,20.7,14.7,6,0.7,1.9,14.8,14.7,0,1.2,1.3,0.056,-3.8,0.1,-3.7,-0.5,119,275,0.433,1,9,0.111,118,266,0.444,0.435,61,82,0.744,82,204,286,46,16,35,54,211,300
3062,1989,Mark West,C,28,PHO,82,32,2019,25,12.9,0.644,0,0.543,9.2,19.4,14.5,2.3,0.8,5.1,18.3,11.1,2.2,3.3,5.5,0.131,-1,3,2.1,2.1,243,372,0.653,0,0,0,243,372,0.653,0.653,108,202,0.535,167,384,551,39,35,187,103,273,594
3063,1989,Ennis Whatley,PG,26,LAC,8,0,90,11,12.1,0.449,0,0.333,2.4,16.6,9.5,32.4,3.6,0.6,22.5,21.4,-0.1,0.1,0,0.005,-4.2,0.3,-3.9,0,12,33,0.364,0,0,0,12,33,0.364,0.364,10,11,0.909,2,14,16,22,7,1,11,15,34
3064,1989,Clinton Wheeler,PG,29,TOT,28,0,354,13,12.8,0.548,0.011,0.23,5.1,4.5,4.8,20.4,3.6,0,20,13.4,0.3,0.3,0.6,0.087,-1.3,-0.2,-1.5,0,45,87,0.517,0,1,0,45,86,0.523,0.517,15,20,0.75,17,14,31,54,27,0,24,26,105
3067,1989,Eric White,SF,23,TOT,38,0,436,11,10.3,0.57,0,0.35,8.4,8.8,8.6,5.2,1.1,0.1,15.8,14.9,0.3,0.1,0.5,0.05,-2.4,-2.4,-4.7,-0.3,62,120,0.517,0,0,0,62,120,0.517,0.517,34,42,0.81,34,36,70,17,10,1,26,40,158
3070,1989,Jerome Whitehead,C,32,TOT,57,4,622,11,6.9,0.432,0,0.258,8.3,15.6,11.8,4,1.7,0.4,10.6,14.2,-0.2,0.6,0.4,0.032,-4.9,-1.3,-6.2,-0.7,72,182,0.396,0,0,0,72,182,0.396,0.396,31,47,0.66,49,85,134,19,23,4,24,115,175
3073,1989,Morlon Wiley,PG,22,DAL,51,1,408,8,10.3,0.459,0.211,0.14,3.6,9.1,6.4,26.3,3.1,0.9,21.9,16.4,-0.2,0.5,0.2,0.028,-2.8,0,-2.8,-0.1,46,114,0.404,6,24,0.25,40,90,0.444,0.43,13,16,0.813,13,34,47,76,25,6,34,61,111
3074,1989,Dominique Wilkins,SF,29,ATL,80,80,2997,37,21.8,0.528,0.06,0.298,9.2,11,10,11.9,1.9,1,8.4,29.4,7.5,2.9,10.4,0.166,3.6,-0.9,2.6,3.5,814,1756,0.464,29,105,0.276,785,1651,0.475,0.472,442,524,0.844,256,297,553,211,117,52,181,138,2099
3075,1989,Eddie Lee,C,26,NYK,71,2,584,8,10.2,0.492,0.004,0.453,13.4,14.8,14.1,1.6,0.8,1.6,16,23.2,-0.2,0.5,0.3,0.023,-4.8,-3.9,-8.7,-1,114,245,0.465,0,1,0,114,244,0.467,0.465,61,111,0.55,72,76,148,7,10,16,56,110,289
3076,1989,Gerald Wilkins,SG,25,NYK,81,58,2414,30,13.8,0.512,0.168,0.24,4.3,7,5.6,15.3,2.2,0.5,13,20.9,2.4,1.9,4.3,0.086,0.1,-0.7,-0.5,0.9,462,1025,0.451,51,172,0.297,411,853,0.482,0.476,186,246,0.756,95,149,244,274,115,22,169,166,1161
3077,1989,Buck Williams,PF,28,NJN,74,72,2446,33,14.6,0.569,0.004,0.456,11,21,15.8,4.6,1.2,0.9,14.4,16.5,3,2.1,5.2,0.101,-0.5,0.2,-0.4,1,373,702,0.531,0,3,0,373,699,0.534,0.531,213,320,0.666,249,447,696,78,61,36,142,223,959
3078,1989,Herb Williams,C,30,TOT,76,66,2470,33,10.6,0.471,0.007,0.263,6.3,19.7,13.3,7.1,0.9,3.2,15.3,16.6,-1.2,2.6,1.4,0.027,-3.7,1.7,-2,0,322,739,0.436,0,5,0,322,734,0.439,0.436,133,194,0.686,135,458,593,124,46,134,149,236,777
3081,1989,Hot Rod,PF,26,CLE,82,10,2125,26,17.6,0.566,0.006,0.449,9.7,15.3,12.7,7.2,1.8,3.6,10.8,18.8,3.8,3.8,7.7,0.173,0.2,2.2,2.4,2.4,356,700,0.509,1,4,0.25,355,696,0.51,0.509,235,314,0.748,173,304,477,108,77,134,102,188,948
3082,1989,John Williams,SF,22,WSB,82,1,2413,29,18.8,0.525,0.076,0.309,6.9,19.6,13,20.9,2.8,1.7,12.8,20.4,3.3,3.5,6.9,0.136,1.8,2.8,4.6,4,438,940,0.466,19,71,0.268,419,869,0.482,0.476,225,290,0.776,158,415,573,356,142,70,157,213,1120
3083,1989,Kevin Williams,SG,27,TOT,50,0,547,11,9,0.462,0.03,0.295,5.5,8.7,7,13.6,2.6,1.2,18.7,20.7,-0.6,0.5,-0.1,-0.009,-4.2,-0.2,-4.4,-0.3,81,200,0.405,1,6,0.167,80,194,0.412,0.408,46,59,0.78,28,42,70,53,30,11,52,91,209
3086,1989,Micheal Williams,PG,22,DET,49,0,358,7,7.7,0.424,0.07,0.364,3,5.4,4.3,27,1.8,0.5,21.9,22.9,-0.6,0.4,-0.2,-0.029,-4.9,-1.5,-6.4,-0.4,47,129,0.364,2,9,0.222,45,120,0.375,0.372,31,47,0.66,9,18,27,70,13,3,42,44,127
3087,1989,Reggie Williams,SF,24,LAC,63,17,1303,21,12.1,0.496,0.175,0.205,5.8,8.9,7.3,11.5,2.9,1.2,15,23,-0.6,1,0.4,0.014,-1.6,-0.8,-2.4,-0.1,260,594,0.438,30,104,0.288,230,490,0.469,0.463,92,122,0.754,70,109,179,103,81,29,114,181,642
3088,1989,David Wingate,SG,25,PHI,33,6,372,11,11.5,0.527,0.052,0.296,3.6,7.6,5.6,26.5,1.2,0.3,21.2,18.4,0.2,0.1,0.2,0.032,-1.6,-2.8,-4.4,-0.2,54,115,0.47,2,6,0.333,52,109,0.477,0.478,27,34,0.794,12,25,37,73,9,2,35,43,137
3089,1989,Randy Wittman,SF,29,TOT,64,13,1120,18,8.7,0.479,0.021,0.143,2.7,5.1,3.9,13.5,1,0.1,9.5,12.4,0.6,0.2,0.7,0.031,-2.7,-1.7,-4.4,-0.7,130,286,0.455,3,6,0.5,127,280,0.454,0.46,28,41,0.683,26,54,80,111,23,2,32,43,291
3092,1989,Joe Wolf,C,24,LAC,66,15,1450,22,7,0.449,0.035,0.159,6.1,13.8,10,10.1,1,0.6,17.9,14.3,-1.1,0.7,-0.5,-0.016,-4.4,-0.5,-4.9,-1.1,170,402,0.423,2,14,0.143,168,388,0.433,0.425,44,64,0.688,83,188,271,113,32,16,94,152,386
3093,1989,David Wood,PF,24,CHI,2,0,2,1,0,0,0,0,0,0,0,0,0,0,0,0,0,0,0,-0.002,-6.5,-0.1,-6.6,0,0,0,0,0,0,0,0,0,0,0,0,0,0,0,0,0,0,0,0,0,0,0
3094,1989,Mike Woodson,SG,30,HOU,81,79,2259,28,12,0.503,0.095,0.253,2.5,6.8,4.6,13.5,1.9,0.5,11.6,20.9,1.1,2.3,3.5,0.074,-1.2,-0.8,-2,0,410,936,0.438,31,89,0.348,379,847,0.447,0.455,195,237,0.823,51,143,194,206,89,18,136,195,1046
3095,1989,Orlando Woolridge,SF,29,LAL,74,0,1491,20,14,0.554,0.002,0.694,6.5,13.2,10.1,5.2,1,2.5,13.8,20.7,1.7,1.6,3.3,0.105,-2,-0.8,-2.8,-0.3,231,494,0.468,0,1,0,231,493,0.469,0.468,253,343,0.738,81,189,270,58,30,65,103,130,715
3096,1989,James Worthy,SF,27,LAL,81,81,2960,37,19,0.582,0.018,0.25,6.8,11.3,9.2,14.6,1.7,1.1,11.3,22.4,6.6,3.1,9.7,0.158,2.8,0.3,3.1,3.8,702,1282,0.548,2,23,0.087,700,1259,0.556,0.548,251,321,0.782,169,320,489,288,108,56,182,175,1657
3097,1989,Danny Young,PG,26,POR,48,2,952,20,11.8,0.534,0.2,0.256,1.9,6.7,4.2,15.9,2.7,0.2,13.9,13.1,1,0.8,1.8,0.091,-1,-0.4,-1.5,0.1,115,250,0.46,17,50,0.34,98,200,0.49,0.494,50,64,0.781,17,57,74,123,55,3,45,50,297
